Workbook

Sheet Raw data
B2: 성별 | C2: 성함 | D2: 연락처 | E2: 직업(직장과 파트) | F2: 나이 | G2: 상대 - 선호 나이대 (중복가능) | H2: 키 | I2: 상대 - 이상형 키 (중복가능) | J2: MBTI | K2: 상대 - 원하는 MBTI | L2: 종교 | M2: 상대 - 선호종교 | N2: 나는 어떤사람? | O2: 이상형 | P2: 상대 - 비선호 직군 (중복가능) | Q2: 운영진에게 건의사항 or 요청사항 (필수X)
A3: 1 | B3: 남 | C3: 강기태 | D3: 010-2307-9728 | E3: 작업치료사 | F3: 34 | G3: 28~34 | H3: 178 | I3: 무관 | J3: ENFP | K3: INFP, INFJ, INTJ, ISFJ, ENFP, ESFP, ENFJ, ESFJ, ENTP, ENTJ | L3: 무교 | M3: 동일 | N3: 긍정적이고 밝은사람 | O3: 밝고 재밌는분 | P3: 무관 | R3: 동의
A4: 2 | B4: 여 | C4: 강다영 | D4: 1047890745 | E4: 헤어디자이너 | F4: 31 | G4: 28~38 | H4: 169 | I4: 180~ | J4: ESTP | K4: 무관 | L4: 무교 | M4: 동일 | N4: 밝고 뒤끝없는사람 | O4: 헬스하고 하얀사람..? 어른스럽고 차분한사람 | P4: 무관 | R4: 동의
A5: 3 | B5: 남 | C5: 강병규 | D5: 1052521809 | E5: 디스플레이허브 기술파트 | F5: 27 | G5: 20~27 | H5: 172 | I5: ~165 | J5: ENTJ | K5: 무관 | L5: 기독교 | M5: 동일, 무관 | N5: 항상 긍정적으로 살아가려고 노력하고 굴곡이 맞지 않은 사람 | O5: 베이지가 잘 어울리는 여자 | P5: 무관 | R5: 동의
A6: 4 | B6: 여 | C6: 강영연 | D6: 1098258435 | E6: 회사원 | F6: 45 | G6: 42~ | H6: 170 | I6: 175~ | J6: ISFJ | K6: 무관 | L6: 천주교 | M6: 무관 | N6: 다정하고 재밌는 사람 | O6: 다정하고 세심한 사람 | P6: 무관 | R6: 동의
A7: 5 | B7: 여 | C7: 강유진 | D7: 1082105352 | E7: 포워딩회사 | F7: 31 | G7: 31~38 | H7: 158 | I7: 170~ | J7: ISFJ | K7: ENFP, ESFP, ENFJ, ESFJ, ENTP, ESTP, ENTJ | L7: 무교 | M7: 무관 | N7: 겉모습은 차가워보일 수 있지만 알고보면 털털하고 웃음이 많은 사람 | O7: 다정하고 긍정적인사람 | P7: 무관 | R7: 동의
A8: 6 | B8: 여 | C8: 강이경 | D8: 010-6812-2569 | E8: 필라테스강사 | F8: 31 | G8: 28~34 | H8: 170 | I8: 170~ | J8: ESTJ | K8: INFP, ISFP, INTP, ISTP, INFJ, ISFJ, ENFJ, ESFJ | L8: 무교 | M8: 동일 | N8: 몸과 마음이 건강한 사람! | O8: 운동하고 밝은분 | P8: 무관 | Q8: 비흡연자 원해요 | R8: 동의
A9: 7 | B9: 여 | C9: 강현지 | D9: 1024145998 | E9: 전임교수(대구 4년제 사립대학교, 간호학과) | F9: 34 | G9: 31~41 | H9: 160 | I9: 170~ | J9: ESFJ | K9: 무관 | L9: 무교, 불교 | M9: 동일 | N9: 학문 쪽 커리어를 쌓아온 사람이라 삶의 방향이 뚜렷하고, 관계에서는 관계에서는 상대를 먼저 살피는 사람이라서 안정감을 주는 편 | O9: 여유있고 상황을 회피하지 않는 사람, 직업적/경제적으로 안정된 상태 | P9: 공무원, 연구직, 회사원 | Q9: 서울-대구 장거리연애&주말부부 상관없는 분이 좋습니다. | R9: 동의
A10: 8 | B10: 여 | C10: 강혜진 | D10: 1031303829 | E10: 서비스직(아티제, 바리스타) | F10: 34 | G10: 31~38 | H10: 15 | I10: 175~180 | J10: INFJ | K10: 무관 | L10: 불교 | M10: 무관 | N10: 밝고 다른 사람들과 즐겁게 지내는 걸 좋아하는 사람 | O10: 대화가 통하고 가정적인 사람 | P10: 연구직 | R10: 동의
A11: 9 | B11: 여 | C11: 공윤재 | D11: 1072918842 | E11: 공인중개사 대표 | F11: 32 | G11: 28~34 | H11: 171 | I11: 175~ | J11: ENFJ ESFJ | K11: 무관 | L11: 무교 | M11: 동일 | N11: 밝고 다정한편이고 직진스타일 입니다! 운동이랑 관리도 꾸준히 하고 성실하게 살아가려고 하고 있어요! | O11: 키 크고 즐겨하시는 운동이 있으셨으면 좋겠습니다! | P11: 자영업, 공무원 | R11: 동의
A12: 10 | B12: 남 | C12: 곽원호 | D12: 1037786910 | E12: 제조업 | F12: 49 | G12: 35~ | H12: 175 | I12: ~165 | J12: INFJ | K12: 무관 | L12: 무교 | M12: 무관 | N12: 낮을 좀 가리지만 친해지면 말많고 이야기 잘하지만 나서는 스타일이 아님 소극적이지만 적극적일때는 또 달라짐 | O12: 밝고 웃는 사람 제가 조용하고 그러다보니 좀 저는 밝고 웃는 사람 이었으면 좋겠습니다 | P12: 무관 | Q12: 잘 부탁 드립니다 | R12: 동의
A13: 11 | B13: 여 | C13: 곽찬미 | D13: 1050546323 | E13: 회사원(출판업계) | F13: 37 | G13: 무관 | H13: 158 | I13: 175~ | J13: ENFJ | K13: 무관 | L13: 무교 | M13: 무관 | N13: 투명한 사람 | O13: 대화코드 잘 맞는 분, 선하신 분 | P13: 무관 | R13: 동의
A14: 13 | B14: 남 | C14: 권민재 | D14: 1085686931 | E14: 자영업자 (통신업, 법인 임원/개인사업자 대표) | F14: 34 | G14: 28~34 | H14: 168 | I14: ~160 | J14: ENTJ | K14: 무관 | L14: 무교 | M14: 무관 | N14: 진취적, 성장과 성공을 목표로 하는 사람 | O14: 외적, 작고 아담한 스타일 (연예인, 박보영 남보라 윈터) 내적, 든든한 동료로서 미래를 함께 그려나갈 수 있는 분 | P14: 무관 | Q14: 베이킹을 통해 인연을 만나는 자리가 있다는걸 처음 알았네요, 좋은 자리 만들어주셔서 감사합니다. 좋은 인연 만날 수 있기를 기원합니다🙏 | R14: 동의
A15: 14 | B15: 남 | C15: 권영훈 | D15: 010-5566-4480 | E15: 코웰메디 임플란트 / 영업센터장 | F15: 43 | G15: 35~41 | H15: 175 | I15: ~170 | J15: ISTP | K15: ISFP, ISTP, ISTJ, ESFP, ESFJ, ESTP, ESTJ | L15: 무교 | M15: 무관 | N15: 차분하고 상대의 이야기를 잘 들어주고 배려심 있는 감정의 기복이 크지 않아요. | O15: 잘 웃고 배려심 있으며 자신만의 독특한 매력이 있는 사람 | P15: 병원직군 | Q15: 업무로 인해 참석이 어려운 날에 배정된다면 변경이 가능한지 궁금합니다 | R15: 동의
A16: 15 | B16: 여 | C16: 김가영 | D16: 1022558313 | E16: 소품샵 매니저 | F16: 35 | G16: 31~38 | H16: 152 | I16: 170~180 | J16: ISTP | K16: 무관 | L16: 무교 | M16: 동일, 무관 | N16: 매너가 좋은 사람 | O16: 차태현 최우식 | P16: 무관 | Q16: 안녕하세요! 제가 직업 특성상 월, 화요일에 쉬어서 이때만 가능합니다 | R16: 동의
A17: 16 | B17: 여 | C17: 김가현 | D17: 1024650470 | E17: 간호사 | F17: 29 | G17: 24~31 | H17: 160 | I17: 170~180 | J17: INFP | K17: 무관 | L17: 무교 | M17: 동일 | N17: 잘 웃고 상대방을 배려하는 사람 | O17: 귀엽고 다정다감한 사람 + 비흡연자 | P17: 무관 | R17: 동의
A18: 17 | B18: 여 | C18: 김경선 | D18: 1073380874 | E18: 시립어린이집교사-주임교사 | F18: 41 | G18: 38~41 | H18: 164 | I18: 175~180 | J18: ISFP-ISTJ | K18: 무관 | L18: 무교 | M18: 무관 | N18: 164에 58-9 통통한 편이고, 참해보인다는 이야기를 종종듣는 인상입노다. 친해지면 털털하고 애교도 있는데, 낮가림이 있어 먼저 다가가 편해지는데 시간을 필요로 합니다. 올곧게 바르게 살았고, 앞으로도 그럴 예정입니다. 여행을 좋아하고 맛있는걸 좋아합니다^^ | O18: 너무 감수성이 높은 사람은 잘 안맞는것 같아요.유쾌하고 투명한 사람이 좋습니다. 성실한 사람이 좋습니다.노담이면 좋지만 아니어도 상관없고, 문신은 어려울것같습니다. | P18: 자영업 | R18: 동의
A19: 18 | B19: 여 | C19: 김경희 | D19: 1047334785 | E19: 부산대학병원 간호부 | F19: 38 | G19: 35~41 | H19: 161 | I19: 170~ | J19: ESFJ | K19: 무관 | L19: 무교 | M19: 동일 | N19: 차분함, 다정함, 꾸준함, 혼자서도 시간 잘 보냄 | O19: 다정, 안정적인분 | P19: 자영업 | R19: 동의
A20: 19 | B20: 남 | C20: 김광민 | D20: 1077660615 | E20: 회사원(플랫폼업체 영업직) | F20: 28 | G20: 28~31 | H20: 181 | I20: 160~170 | J20: ISFJ | K20: 무관 | L20: 무교 | M20: 무관 | N20: 상대방에게 웃음을 주는 게 좋고 일상 대화를 하면서 평일에 받았던 스트레스가 풀리기도 합니다 처음에는 어색해하기도 하고 낯도 많이 가리기도 하지만 몇 번 얘기하다 보면 어색함도 풀리고 더 말을 걸고 있기도 합니다 일과 생활이 완벽하게 분리가 되어있어 일할 때는 일만 하고 쉴 때는 절대 일 생각도 안 하고 일 얘기도 안 하고 살아가고 있습니다 취미는 야구를 보러 다니고 주말 아침에 축구를 하러 나가고 있습니다 야구를 같이 보러 다니는 걸 좋아하며 맛있는 음식점이 생각나면 찾아가는것도 좋아합니다 집 데이트와 밖에서 하는 데이트를 한쪽으로 몰리지 않게 하는 걸 좋아합니다 연애 스타일은 주도적인 편은 아닌 거 같고 상대방에게 맞춰주는 편입니다 뭘 하든 대화를 통해 하려고 하며 싸우더라도 대화로 바로 푸는 스타일이며 한번 좋아하기 시작하면 정말 정말 많이 좋아하는 타입입니다 | O20: 안정적이며 대화가 잘 통하는 사람 연상이면 더 좋을거같고 연하는 선호하지 않습니다 | P20: 무관 | R20: 동의
A21: 20 | B21: 여 | C21: 김나영 | D21: 1036959322 | E21: (직장)어린이집 교사 | F21: 26 | G21: 20~31 | H21: 161 | I21: 170~ | J21: ISFJ | K21: ISFP, ISTP, INFJ, ISTJ, INTJ, ISFJ, ESFP, ENFJ, ESFJ, ENTP, ESTP, ENTJ, ESTJ | L21: 기독교 | M21: 동일, 무관 | N21: 처음 볼 때 낯가림이 있어 조금 뚝닥대고 차가워보일 수 있으나 사람 좋아하고 정이 많음. 집순이, 남사친 X 외적으로 통통한 편.. 빵 좋아하고 작고 귀여운 것들 좋아함. 최애 캐릭터는 짱구,, 입니다. | O21: 담배, 문신 X / 키 175 이상에 직업 있고 자기 일 열심히 하는 사람. 안경은 약간 비선호.. 무쌍이나 얇은 유쌍 선호(아랍 보다는 두부 선호) 마른 체형보다는 조금 덩치가 있는 분 선호(근육질X) | P21: 무관 | R21: 동의
A22: 21 | B22: 여 | C22: 김다슬 | D22: 1051089080 | E22: 신라스테이 경영지원 | F22: 29 | G22: 31~34 | H22: 164 | I22: 175~ | J22: ESTJ/ ESTP | K22: 무관, INFP, ISFP, INFJ, ISFJ, ENFP, ESFP, ENFJ, ESFJ | L22: 무교 | M22: 동일, 무관 | N22: 외관상 도도해보여 다가가기 어려워보이나 내면은 순딩순딩 친해지면 첫인상과 전혀 다른 마음 따뜻한 사람 | O22: 키큰 강아지상 | P22: 병원직군, 공무원 | R22: 동의
A23: 22 | B23: 남 | C23: 김동국 | D23: 1091113105 | E23: 대학병원 행정직 | F23: 37 | G23: 28~38 | H23: 174 | I23: 160~170 | J23: ISTP | K23: 무관 | L23: 천주교 | M23: 무관 | N23: 다정하고 잘 챙겨주는사람 | O23: 청순하고 털털하신분 | P23: 무관 | R23: 동의
A24: 23 | B24: 남 | C24: 김문환 | D24: 1085750129 | E24: 작가, 철학연구가 | F24: 40 | G24: 31~41 | H24: 176 | I24: 160~170 | J24: ENTP | K24: 무관 | L24: 무교 | M24: 무관 | N24: 장난기 많지만 진중한 사람 | P24: 무관 | R24: 동의
A25: 24 | B25: 여 | C25: 김민경 | D25: 1094131786 | E25: 대기업계열사, 사이버 보안 | F25: 32 | G25: 31~34 | H25: 171 | I25: 175~180 | J25: ENFP | K25: 무관 | L25: 불교 | M25: 무관 | N25: 잘웃고 리액션 장인이라는 소리를 많이 들어요 | O25: 제 키를 부담스러워하지 않는 사람, 말을 예쁘게 하는 사람 | P25: 자영업 | R25: 동의
A26: 25 | B26: 여 | C26: 김민영 | D26: 1085700389 | E26: 디자이너 | F26: 35 | G26: 31~38 | H26: 156 | I26: 170~180 | J26: INFJ | K26: 무관 | L26: 천주교 | M26: 동일, 무관 | N26: 밝고 긍정적이고 유쾌한사람 | O26: 운동하는 사람! | P26: 무관 | R26: 동의
A27: 26 | B27: 여 | C27: 김민정 | D27: 1058380435 | E27: 어린이집/보육교사 | F27: 30 | G27: 28~34 | H27: 155 | I27: 170~180 | J27: ISTJ | K27: 무관 | L27: 무교 | M27: 동일 | N27: 안녕하세요. 아이들을 가르치는 일을 하고 있고, 성실하게 하루하루 보내려고 노력하는 편입니다. 아침 수영으로 하루를 시작하는 걸 좋아합니다. 대화가 편하고 서로 배려할 수 있는 분을 만나면 좋겠습니다. | O27: 다정한사람 | P27: 자영업 | R27: 동의
A28: 27 | B28: 여 | C28: 김민정 | D28: 1064833091 | E28: 자영업자(애견미용사 | F28: 32 | G28: 28~34 | H28: 172 | I28: 180~ | J28: INFJ | K28: 무관 | L28: 무교 | M28: 무관 | N28: 다정한사람 | O28: 키크고 자기관리 잘하고 운동 잘하는 사람 | P28: 자영업, 무관 | R28: 동의
A29: 28 | B29: 여 | C29: 김민정 | D29: 1046643991 | E29: 유치원교사 | F29: 39 | G29: 35~41 | H29: 153 | I29: 170~180 | J29: ESFJ | K29: 무관 | L29: 무교 | M29: 동일 | N29: 긍정적이고 활동적인 사람 | O29: 대화가 잘되는 사람 | P29: 자영업 | R29: 동의
A30: 29 | B30: 남 | C30: 김민호 | D30: 1049764250 | E30: 회사원 (유통업) | F30: 31 | G30: 24~31 | H30: 171 | I30: 160~165 | J30: ISFP | K30: ISFP, ENFP, ESFP, ENFJ, ESFJ | L30: 무교 | M30: 동일 | N30: 친해지기 전까진 조용한 꼼꼼한 에겐 친해지면 댕댕미 있는 | O30: 고양이상 꼼꼼하고 돌려말하지않는 여자..? | P30: 무관 | R30: 동의
A31: 30 | B31: 여 | C31: 김민희 | D31: 1041154565 | E31: 전산직 | F31: 31 | G31: 28~31 | H31: 175 | I31: 180~ | J31: ESFJ | K31: INFJ, ISTJ, INTJ, ISFJ, ENFJ, ESFJ, ESTJ | N31: 매력적이고 다정한 사람. 타인을 이해하고 배려할 줄 안다. | O31: 키크고 마르지 않은 체형. 배려심 있고 책임감 있는 사람 | P31: 병원직군, 기술직, 공무원, 연구직, 회사원 | Q31: 키 큰 사람을 원해요,, | R31: 동의
A32: 31 | B32: 남 | C32: 김반석 | D32: 1055033404 | E32: IT엔지니어 | F32: 31 | G32: 28~31 | H32: 176 | I32: 160~170 | J32: ISFP | K32: 무관 | L32: 기독교 | M32: 무관 | N32: 저는 솔직한 편이라, 좋고 싫은 게 표정에 조금 드러나는 편이에요. 그래서 오히려 편하다는 얘기를 듣기도 해요. 인연을 소중하게 생각하는 편이라 한 번 만나면 오래 보고 싶은 스타일이고요. 너무 무겁기보다는, 가끔씩 툭툭 웃기는 편이에요. 목표가 생기면 어떻게든 이루려고 노력하는 편이라, 스스로는 진취적인 성향이라고 생각합니다. 잘 부탁드립니다 🙂 | O32: 비흡연자였으면 좋겠고, 긴 머리가 잘 어울리는 분을 좋아해요. 연하이신 분이 조금 더 편하게 느껴지고, 같이 있을 때 밝고 에너지가 좋은 분이면 더 잘 맞을 것 같아요. | P32: 무관 | R32: 동의
A33: 32 | B33: 남 | C33: 김사윤 | D33: 010-9870-8563 | E33: 개인 광고사진 스튜디오 | F33: 38 | G33: 28~38 | H33: 168 | I33: ~165 | J33: INTJ | K33: INFP, ISFP, INFJ, ENFP, ESFP, ENFJ, ENTJ | L33: 무교, 천주교, 불교 | M33: 동일 | N33: 서울에서 광고사진 스튜디오를 운영하는 전문사진가입니다. | P33: 병원직군, 기술직, 자영업, 공무원, 회사원, 무관 | R33: 동의
A34: 33 | B34: 여 | C34: 김상아 | D34: 1041574806 | E34: 필라테스 협회 교육강사 | F34: 30 | G34: 31~38 | H34: 158 | I34: 175~ | J34: ESFP | K34: INFP, ISFP, INFJ, INTJ, ISFJ, ENFJ, ESFJ, ENTJ, ESTJ | L34: 기독교 | M34: 무관 | N34: 분위기가 밝고 따뜻한사람 | O34: 회피형 아니고 대화 잘되는 분, 안정적인 사람 | P34: 무관 | R34: 동의
A35: 34 | B35: 여 | C35: 김성연 | D35: 1032462090 | E35: 광고대행사 마케팅 | F35: 27 | G35: 28~34 | H35: 169 | I35: 170~ | J35: ESFP | K35: 무관 | L35: 무교 | M35: 무관 | N35: 챙겨주고 챙김받는 거 좋아하는 사람 온전히 집중할 줄 아는사람 밝고 활동적인사람 | O35: 술 많이 좋아하지않고 거짓말하지않는 사람 자기일 잘 하고있고 자격지심없는사람 | P35: 무관 | R35: 동의
A36: 35 | B36: 남 | C36: 김성윤 | D36: 1073391290 | E36: 인지컨트롤스 배터리설계팀 | F36: 28 | G36: 24~31 | H36: 180 | I36: 160~175 | J36: INFP | K36: 무관 | L36: 무교 | M36: 동일 | N36: 항상 긍정적이며 밝은 이미지를 가졌고 친구들이 부르는 별명으로는 골든리트리버라는 별명을 가졌습니다 애교도 많고 잘 놀아요! | O36: 정직하고 순하면서 바람 안피고 감정에 높낮이가 없는 사람이요 | P36: 자영업 | R36: 동의
A37: 36 | B37: 여 | C37: 김세련 | D37: 1088248684 | E37: 경찰 공무원 | F37: 38 | G37: 35~41 | H37: 167 | I37: 175~ | J37: ISFJ | K37: 무관 | L37: 무교 | M37: 무관 | N37: 책임감이 강하고 성실하고 사랑하는 사람을 챙겨주고 지지해줄수 있는 지혜로운 사람! | O37: 사람을 소중하게 생각하고 다름을 인정하고 마음이 따뜻한 사람 | P37: 무관 | R37: 동의
A38: 37 | B38: 여 | C38: 김세아 | D38: 1071281563 | E38: 삼화 -HR팀 | F38: 38 | G38: 35~41 | H38: 170 | I38: 175~ | J38: ENTP | K38: 무관, ENFP, ENFJ | L38: 무교 | M38: 동일 | N38: 세련된 취향과 따뜻한 정을 동시에 가진, '알수록 무해하고 매력적인' 사람입니다. 평일엔 치열하게 일하고, 주말엔 드라이브와 운동으로 에너지를 채우는 갓생러(God-生)예요." | O38: "함께 있으면 친구처럼 편안하고 티격태격 수다 떨 수 있는 분이 이상형이에요. 본인 일에 열정적이면서도 퇴근 후엔 드라이브 한 잔의 여유를 즐길 줄 아는 듬직한 체격의 남자다운 분이면 좋겠습니다. 무엇보다 대화가 잘 통하고 배울 점이 있는 분에게 매력을 느낍니다. | P38: 무관 | R38: 동의
A39: 38 | B39: 여 | C39: 김세정 | D39: 1063877374 | E39: 행사기획자(국제회의) | F39: 27 | G39: 28~34 | H39: 160 | I39: 175~180 | J39: ISFJ | K39: INFJ, ENFP, ESFJ | L39: 무교 | M39: 동일 | N39: 차분하지만 밝은 사람 | O39: 유머코드, 대화가 잘 통하는 사람, 외모(두부상) | P39: 무관 | R39: 동의
A40: 39 | B40: 여 | C40: 김세향 | D40: 1062305288 | E40: 엔터테인먼트/매니저 | F40: 31 | G40: 31~38 | H40: 164 | I40: 175~ | J40: ESFJ/ESTJ | K40: 무관 | L40: 무교, 불교 | M40: 동일 | N40: 알아갈 수록 첫인상이랑 다른 사람 | O40: 골격이 크고 다정하고 상대가 뭘 좋아할까 고민하는 사람 | P40: 자영업 | R40: 동의
A41: 40 | B41: 여 | C41: 김송미 | D41: 1021089193 | E41: 소니/scm | F41: 35 | G41: 31~38 | H41: 166 | I41: 175~ | J41: ENFJ | K41: INFJ, ISTJ, INTJ, ISFJ, ENFJ, ESFJ, ENTJ, ESTJ | L41: 무교 | M41: 무관 | N41: 밝고 긍정적인사람 | O41: 자기 관리 열심히하고 배울점이 있는사람 | P41: 자영업 | R41: 동의
A42: 41 | B42: 여 | C42: 김수경 | D42: 1059680517 | E42: 보령 제약회사, 학술팀 | F42: 26 | G42: 24~34 | H42: 171 | I42: 180~ | J42: INTP, ISTP 둘다 나와요 | K42: ISTJ, INTJ, ISFJ, ESFJ, ESTP, ENTJ, ESTJ | L42: 무교 | M42: 동일 | N42: 처음에는 낯을 가리는데 1:1로 보면 말을 많이 하는 사람인것 같아요〰 털털한 것 같고 사람들을 웃기는 걸 좋아하는데 또 저도 잘 웃는 것 같습니다. 운동을 좋아하고 잘하는 편이에요 | O42: 외적인건 코가 예쁘고 눈이 날카롭지 않은 사람이 좋은 것 같아요. 내적으로는 똑똑하고 지혜롭고 감정기복 없고 성실한 사람이 좋습니다. 잘 웃는 사람도 좋아요! | P42: 자영업 | R42: 동의
A43: 42 | B43: 여 | C43: 김수민 | D43: 010-2729-0334 | E43: 사이버대학교/콘텐츠개발 교직원 | F43: 35 | G43: 31~38 | H43: 170 | I43: 170~ | J43: ISTJ | K43: ESFJ, ESTJ | L43: 무교, 불교 | M43: 동일 | N43: 활동적이지만 조용한 사람 | O43: 말투가 이쁘고 다정한 사람 | P43: 자영업 | R43: 동의
A44: 43 | B44: 여 | C44: 김슬기 | D44: 1074746540 | E44: 간호사(경희대병원) | F44: 33 | G44: 28~34 | H44: 155 | I44: 175~ | J44: ISFP | K44: 무관, ESFJ | L44: 무교 | M44: 무관 | N44: 친해지면 다정하고 정많은사람 | O44: 무쌍에 눈이크고 웃는게 이쁘고 다정한사람 | P44: 자영업 | Q44: 혹시나 같은직장사람은 피하고싶어요ㅠㅠ | R44: 동의
A45: 44 | B45: 여 | C45: 김시온 | D45: 1023367601 | E45: 쇼핑몰 및 무인카페운영 | F45: 35 | G45: 35~38 | H45: 160 | I45: 175~ | J45: ENFP | K45: 무관 | L45: 기독교 | M45: 동일 | N45: 딱 엔프피에요 성격밝고 긍정적인편 | O45: 어느정도 체격있고 운동꾸준히하시는분 깔끔한 인상 | P45: 무관 | R45: 동의
A46: 45 | B46: 여 | C46: 김연재 | D46: 1076635844 | E46: 프리랜서 강사 | F46: 31 | G46: 31~34 | H46: 165 | I46: 175~180 | J46: ISTP | K46: 무관 | L46: 기독교 | M46: 무관 | N46: 자기관리 잘하고 운동 좋아하고 온화하면 상대방 말을 잘 들어줌 | O46: 재밌고 듬직하고 다정다감하고 자기관리 잘하시는 키큰 분 | P46: 무관 | R46: 동의
A47: 46 | B47: 여 | C47: 김영현 | D47: 1020371287 | E47: 글로벌 마케팅 (아모레퍼시픽) | F47: 31 | G47: 28~34 | H47: 160 | I47: 165~180 | J47: ESFJ | K47: 무관 | L47: 무교 | M47: 동일 | N47: 처음엔 차분하고 조용하지만 친해지면 장난도 많이 치는 친근한 스타일입니다 | O47: 선한 사람, 본인 일에 열심히 인 사람 | P47: 자영업, 공무원 | R47: 동의
A48: 47 | B48: 여 | C48: 김예림 | D48: 1065664577 | E48: 간호사 | F48: 31 | G48: 28~34 | H48: 167 | I48: 175~ | J48: ESFJ | K48: 무관 | L48: 천주교 | M48: 무관 | N48: 밝고 리액션이 좋아 남의 이야기를 잘 들어줍니다. 주변에서는 분위기가 편안하다는 이야길 종종 듣습니다. 자기계발하는걸 좋아해 취미도 다양하게 가지고 있습니다. 최근에는 서울로 이직하고 싶어 이직준비 중입니다. | O48: 자신의 일에 자부심이 있고 이야기를 잘 들어주는 사람 | P48: 자영업 | R48: 동의
A49: 48 | B49: 남 | C49: 김우영 | D49: 1082866348 | E49: 테이블오더 법인회사 대표 | F49: 34 | G49: 20~38 | H49: 174 | I49: ~170 | J49: ESFJ | K49: 무관 | L49: 무교 | M49: 무관 | N49: 다정한듯 잘 챙겨주고 배려하는 재밌는 사람 | O49: 반전매력의 소유자 | P49: 무관 | R49: 동의
A50: 49 | B50: 여 | C50: 김유경 | D50: 1027091998 | E50: 학원 사업 | F50: 36 | G50: 28~38 | H50: 168 | I50: 170~ | J50: ENTP | K50: INFP, INTP, INFJ, INTJ, ENFP, ENFJ, ENTP, ENTJ | L50: 무교 | M50: 무관 | N50: 사람들과 금방 친해지고 배우는걸 좋아하는 호기심이 많은 사람입니다. | O50: 성실하고 다정한 분 . 예술가 선호 합니다. | P50: 무관 | R50: 동의
A51: 50 | B51: 여 | C51: 김유빈 | D51: 010-9801-0511 | E51: 교사 | F51: 30 | G51: 31~34 | H51: 165 | I51: 170~180 | J51: ESTJ | K51: 무관 | L51: 무교 | M51: 동일 | N51: 자기계발을 좋아하고 사람들과 함께하는 시간들을 좋아함 | O51: 내적 외적 자기관리를 꾸준히 하는 사람 | P51: 공무원, 연구직, 회사원 | R51: 동의
A52: 51 | B52: 여 | C52: 김유진 | D52: 1071411955 | E52: 마케터 | F52: 32 | G52: 31~38 | H52: 163 | I52: 175~ | J52: ENTP & ENFP | K52: 무관, ISFJ, ENFJ, ESFJ, ENTP, ENTJ | L52: 무교, 불교 | M52: 동일 | N52: 취미부자 비타민c인간 | O52: 티키타카잘되는사람 | P52: 무관 | R52: 동의
A53: 52 | B53: 여 | C53: 김유진 | D53: 1045321753 | E53: 검안사 | F53: 38 | G53: 35~41 | H53: 162 | I53: 175~180 | J53: ENTJ | K53: 무관 | L53: 무교 | M53: 동일 | N53: 잘 웃고 밝은사람, 긍정적인편, 강해보이지만여린편, 행복지수가 높은사람, 테겐녀, 배려도 있고 강단도 있음 | O53: 나랑 비슷한 느낌의 사람(선하게 생겼고 잘 웃는 사람, 유연한사고를 하는사람, 자존심내세우지않고 자존감은 높은사람, 배려가 있는사람) 테겐남, 고은말을 사용하고 다정한 사람 | P53: 자영업, 무관 | R53: 동의
A54: 53 | B54: 여 | C54: 김은하 | D54: 010-6634-9249 | E54: 대기업계열사 기획자 | F54: 35 | G54: 31~38 | H54: 160 | I54: 175~180 | J54: ENFJ | K54: INFP, ISFP, INFJ, ISFJ | L54: 무교 | M54: 동일 | N54: 활발하고 밝음 | O54: 내향인, 운동 좋아하는 사람 | P54: 무관 | R54: 동의
A55: 54 | B55: 남 | C55: 김응혁 | D55: 1041863897 | E55: 향수매장 직원 | F55: 26 | G55: 24~31 | H55: 175 | I55: ~165 | J55: ISTJ | K55: 무관 | L55: 무교 | M55: 무관 | N55: 솔직한 사람 | O55: 기댈수있는 사람 | P55: 병원직군 | Q55: 잘부탁드립니다! | R55: 동의
A56: 55 | B56: 남 | C56: 김정용 | D56: 010-3380-3481 | E56: 컬리, MD | F56: 34 | G56: 28~34 | H56: 170 | I56: ~170 | J56: ENFP | K56: INFP, INFJ, INTJ, ENFJ, ENTJ | L56: 기독교 | M56: 무관 | N56: 안녕하세요. 사람 만나는 걸 좋아하는 93년생 ENFP 남자입니다. 혼자보다는 여럿이 함께할 때 더 즐겁고, 같이 좋은 분위기를 만들어가는 걸 좋아합니다. 그래서 회사든 일상이든 혼자 결과를 내는 것보다, 함께 웃으면서 성과를 냈을 때 더 보람을 느끼는 편인 것 같습니다. 주변에서는 다정하고 세심하다는 이야기를 종종 듣습니다. 성격 자체가 즐거움을 추구하고 밝고 긍정적인 편이라서, 동성·이성 가리지 않고 재밌고 편한 분들과 잘 어울리는 것 같습니다. [일상 & 취미] 보통 쉬는 날에는 맛집이나 분위기가 좋은 카페에 가서 시간을 보내는 걸 좋아합니다. 노트북 하나 들고 가서 이것저것 기록하거나, 커피를 천천히 음미하면서 보내는 여유로운 시간이 평일에 커피 마시는 것과는 다르게 꽤 소중하다고 생각합니다. 운동도 꾸준히 하고 있습니다. 퇴근 후에 바로 크로스핏 같은 단체 운동을 3년 정도 하고 있는데, 친목 목적이라기보다는 “같이 운동하는 에너지”가 좋아서 꾸준히 하고 있습니다. 그리고 작년 여름부터 날씨 좋은 날에는 러닝도 하고 있습니다. 생각이 많을 때 뛰면 머리가 정리되고 기분이 한결 가벼워져서 주말에 자주 뛰는 편입니다. | O56: [외적 부분] - 너무 화려하기 보다는 수수하고 청순한 느낌을 좋아합니다. 이목구비의 조화가 좋으신 분을 선호합니다. 또한, 머리숱이 많으신 분에게 매력을 느낍니다. - 이상형으로는 김아랑 선수, 최윤지 배우님, 한로로님, 김시현 셰프님과 같은 분들이 있지만, 결국 이상형은 이상형일 뿐 직접 만나서 느낌이 오는 분은 이 부분과 또 다르다고 생각합니다. [성격] - 성격은 저랑 비슷한 분을 선호합니다. 감정선이 너무 감정적이시기 보다는 조금은 평온한 성격을 좋아합니다. 그렇다고 감정이 없는 분이 아니라 기쁠 때 같이 기뻐하고, 화낼 때 같이 화낼 수 있는 분이 좋습니다. 그리고 너무 나서는 성격보다는 눈치를 보더라도 조금은 조심스러워하는 성격을 선호하는 편입니다. 또한 제가 장난치거나 재밌는 이야기를 하는 걸 좋아하는 편이다 보니 개그 코드가 잘 맞는 분이거나 잘 들어줄 수 있는 성격이면 좋을 것 같습니다. [직업] - 직업은 크게 상관 없다고 생각합니다. 비슷한 업계에서 일해서 업무적인 이야기를 어느 정도 해도 좋다고 생각하고, 아예 달라서 그런 점들을 이야기하는 것도 좋다고 생각합니다. 공통적으로 이야기할 것들이 많으면 좋을 것 같습니다. 다만, 스케줄 근무를 하시거나 직장을 다니시지 않는 프리랜서분들보다는 보통적인 9-6 직장인을 더 선호합니다. [취미] - 저처럼 운동을 즐길 수 있는 분이면 좋을 것 같습니다. 같이 운동을 하러 가거나 같이 런닝을 해도 좋을 것 같습니다. 그러면서 동시에 맛집이나 카페 같이 새로운 곳들에 가서 새로운 음식들을 경험하는 것을 좋아하는 분이면 좋을 것 같습니다. | R56: 동의
A57: 56 | B57: 남 | C57: 김준수 | D57: 1092734711 | E57: 체육관관장 | F57: 30 | G57: 24~31 | H57: 173 | I57: ~170 | J57: ENFP | K57: 무관 | L57: 무교 | M57: 무관 | N57: 재치있고 유머러스함.편하다는 소리를 자주 들음 | O57: 귀엽고 나를 잘 이해해주고 공감해주는사람 | P57: 무관 | R57: 동의
A58: 57 | B58: 여 | C58: 김지연 | D58: 1073670518 | E58: 초등교사 | F58: 32 | G58: 28~34 | H58: 158 | I58: 170~ | J58: ENFJ | K58: 무관 | L58: 무교 | M58: 무관 | N58: 긍정적이고 밝은 에너지를 가진 사람. 다정하고 책임감 있음. 새로운 거에 대한 두려움 없음. | O58: 맹구(무던, 듬직, 자기 분야가 있는 사람!) | P58: 자영업, 공무원 | R58: 동의
A59: 58 | B59: 여 | C59: 김지현 | D59: 010-7138-3001 | E59: 건축설계 프리랜서 | F59: 35 | G59: 31~41 | H59: 158 | I59: 170~ | J59: ESFJ | K59: ENFP, ESFP, ENFJ, ESFJ, ENTP, ESTP, ENTJ, ESTJ | L59: 무교 | M59: 동일 | N59: 활발 긍정 밝음 | O59: 활동적 진취적 | P59: 공무원 | R59: 동의
A60: 59 | B60: 여 | C60: 김진리 | D60: 1062224467 | E60: 사무직(주임) | F60: 40 | G60: 무관 | H60: 157 | I60: 175~180 | J60: INFP | K60: 무관, ISTJ, INTJ, ENTJ, ESTJ | L60: 무교 | M60: 무관 | N60: 동안/사랑스러움 | O60: 표현잘하는 사람 | P60: 무관 | R60: 동의
A61: 60 | B61: 여 | C61: 김진연 | D61: 1055753015 | E61: 베이커리 | F61: 31 | G61: 28~34 | H61: 170 | I61: 170~180 | J61: ESTP ISTP | K61: 무관, ENFP | L61: 무교 | M61: 무관 | N61: 하루하루가 즐거운사람 | O61: 배려있고 저를 먼저 생각해주는 사람 | P61: 무관 | R61: 동의
A62: 61 | B62: 여 | C62: 김해님 | D62: 1033646613 | E62: 의료컨설팅, 간호사 | F62: 37 | G62: 31~38 | H62: 163 | I62: 175~ | J62: INFP | K62: 무관, ESFP, ENFJ | L62: 무교 | M62: 무관 | N62: 내성적이지만 친해지면 활발한 모습, 차가워 보이지만 세상 따뜻한 사람! 운동을 사랑함 | O62: 매녀, 배려심, 이해심이 많고 착한사람. 자기관리와 운동하는 재밌는 사람. | P62: 무관 | R62: 동의
A63: 62 | B63: 남 | C63: 김형준 | D63: 1050217926 | E63: 발전소 사무직 | F63: 31 | G63: 24~31 | H63: 173 | I63: ~165 | J63: ISTP | K63: 무관 | L63: 무교 | M63: 동일 | N63: 잘웃는 웃상에 다정한사람 | O63: 나와 비슷한 루틴한사람 | P63: 병원직군, 자영업 | R63: 동의
A64: 63 | B64: 여 | C64: 김효진 | D64: 1089163584 | E64: 외국계기업/인허가 | F64: 38 | G64: 35~41 | H64: 170 | I64: 175~180 | J64: INFJ | K64: 무관 | L64: 무교 | M64: 동일 | N64: 이해를 잘 하는 사람 | O64: 다정하고 이해를 잘 하는 사람 | P64: 자영업 | R64: 동의
A65: 64 | B65: 남 | C65: 남대우 | D65: 1099781257 | E65: 사업 | F65: 35 | G65: 31~38 | H65: 175 | I65: 160~165 | J65: ISFJ | K65: 무관 | L65: 불교 | M65: 무관 | N65: 솔직한사람 | O65: 솔직하고 반전있는 스타일 | R65: 동의
A66: 65 | B66: 여 | C66: 남현지 | D66: 1055552153 | E66: 병원 간호사 | F66: 32 | G66: 31~38 | H66: 155 | I66: 무관 | J66: ESTP | K66: 무관 | L66: 무교 | M66: 무관 | N66: 재밌고 잘웃는 밝은 사람 | O66: 자기일 열심히 하는 다정한 사람 | P66: 무관 | R66: 동의
A67: 66 | B67: 여 | C67: 노소진 | D67: 1048667462 | E67: 수학강사 | F67: 35 | G67: 31~38 | H67: 167 | I67: 175~ | J67: ESTJ | K67: 무관 | L67: 무교 | M67: 무관 | N67: 무던 털털 성격좋은 | O67: 훈훈한 똑똑하고 다정한 | P67: 공무원 | R67: 동의
A68: 67 | B68: 여 | C68: 다솜 | D68: 1065238584 | E68: 대학병원 간호사 | F68: 35 | G68: 28~38 | H68: 160 | I68: 175~ | J68: ESFJ | K68: 무관 | L68: 무교 | M68: 무관 | N68: 웃는 모습이 선하고 배려심 깊은 사람 | O68: 웃는 모습이 선하고 대화 잘 통하고 가치관 비슷한 사람 | P68: 무관 | Q68: 카톡은 연락처 검색 비허용을 해놓아서 문자로 연락부탁드려용 | R68: 동의
A69: 68 | B69: 여 | C69: 문지현 | D69: 1043207998 | E69: 디자이너(제약회사 계열사) | F69: 33 | G69: 28~38 | H69: 163 | I69: 175~180 | J69: INFP | K69: ENFJ, ESFJ | L69: 무교 | M69: 동일 | N69: 선하고 밝은 사람 | O69: 댕댕미 있는 강아지상 | P69: 기술직, 자영업 | R69: 동의
A70: 69 | B70: 여 | C70: 문지호 | D70: 010-5841-4307 | E70: 삼성서울병원/ 신경외과 병동 | F70: 30 | G70: 28~34 | H70: 165 | I70: 170~ | J70: ESFJ | K70: 무관, ISTJ, ESFP, ESFJ, ESTJ | L70: 무교 | M70: 무관 | N70: 활동적인 것에 관심이 많은 사람/데이트 할 때 제안하는 것도 좋아하고 제안을 받는 것도 좋아하는 편인 것 같습니다 | O70: 피지컬이 좋고 성격이 좋은 사람 | P70: 무관 | R70: 동의
A71: 70 | B71: 남 | C71: 문채영 | D71: 1054033433 | E71: 모의해커 | F71: 28 | G71: 20~27 | H71: 179 | I71: ~175 | J71: ISFP | K71: 무관 | L71: 무교 | M71: 동일 | N71: 다정하고 알고보면 재밌는 사람?? | O71: 하얗고 고양이상에 꾸미는걸 좋아하는분 | Q71: 비흡연자가 좋습니다 | R71: 동의
A72: 71 | B72: 여 | C72: 문채영 | D72: 1089289192 | E72: 강동성심병원 간호사 | F72: 28 | G72: 28~34 | H72: 162 | I72: 170~ | J72: ISFP | K72: 무관 | L72: 천주교 | M72: 동일 | N72: 선하고 단단한 사람 | O72: 섬세하고 유머있는 분 | P72: 병원직군 | Q72: 종교는 기독교만 아니면 괜찮습니다 | R72: 동의
A73: 72 | B73: 여 | C73: 박다솜 | D73: 1030578699 | E73: 교사 | F73: 32 | G73: 31~38 | H73: 170 | I73: 175~ | J73: ESFP | K73: 무관 | L73: 천주교 | M73: 동일 | N73: 긍정적이고 밝은 사람! | O73: 선한 인상의 선한 사람 | P73: 자영업 | R73: 동의
A74: 73 | B74: 여 | C74: 박수빈 | D74: 010-4072-0311 | E74: 대학원생 | F74: 31 | G74: 31~34 | H74: 163 | I74: 175~180 | J74: ENTP | K74: 무관 | L74: 무교 | M74: 무관 | N74: 하고싶은거 다하는사람 | O74: 무던하고 예의바른사람 | P74: 무관 | R74: 동의
A75: 74 | B75: 여 | C75: 박수지 | D75: 1055375197 | E75: 안경사 | F75: 30 | G75: 31~38 | H75: 166 | I75: 175~ | J75: ISTJ | K75: 무관, ISFJ, ESFJ | L75: 무교 | M75: 동일 | N75: 첫만남보단 알아갈수록 매력있는 사람! | O75: 키크고 골격있고 다정하고 세심한 쌍꺼풀 진하지 않은 책임감 있는 연상같은 사람 | P75: 무관 | R75: 동의
A76: 75 | B76: 남 | C76: 박승원 | D76: 1099283617 | E76: 중학교 교사 | F76: 33 | G76: 28~34 | H76: 179 | I76: 무관 | J76: ESTJ | K76: 무관, ISFP, ISFJ, ESFP, ESFJ, ESTJ | L76: 무교 | M76: 무관 | N76: 재밌는 걸 좋아하고 알잘딱깔센이 어느정도 되는 성격 | O76: 대화가 잘통하는 사람, 활발한 사람, 재밌는 사람 | P76: 무관 | R76: 동의
A77: 76 | B77: 여 | C77: 박예령 | D77: 1035844314 | E77: 간호학과 졸업 후 취업 대기중입니다! | F77: 26 | G77: 24~34 | H77: 155 | I77: 170~ | J77: ESTP | K77: INFP, ISFP, INFJ, ISTJ, INTJ, ISFJ, ENFP, ESFP, ENFJ, ESFJ, ENTP, ESTP, ENTJ, ESTJ | L77: 무교 | M77: 무관 | N77: 밝고 텐션 높아요! 무던하고 뒤끝없고 즉흥적인 면이 있어요! 특별히 싫어하는 일이 아니면 상대 취미도 함께 해주고 같이 추억만드는걸 좋아해요. 성격은 조금 빠른편인것 같고 자기자신을 꾸미는 것을 좋아합니당 | O77: 외적으로는 뚱뚱하지 않은 체형에 순한 인상이나 반장했을것 같은 반듯한 사람을 좋아합니다! 내적으로는 나를 웃겨줄수 있는 센스와 재치가 있었으면 좋겠어요! 친구같은 연애하는것을 추구하고 연락이나 만남횟수 같은것에 효율따지지 않고 최선을 다하는 연애하는 사람이 좋아요 | P77: 무관 | R77: 동의
A78: 77 | B78: 여 | C78: 박예림 | D78: 1033519937 | E78: 치과 진료실(대학 치위생과 다니면서 일하는중) | F78: 32 | G78: 24~31 | H78: 153 | I78: 170~180 | J78: ISFP | K78: 무관 | L78: 무교 | M78: 무관 | N78: 처음에는 낯가리는데 친해지면 활발 | O78: 다정한성격 | P78: 무관 | R78: 동의
A79: 78 | B79: 남 | C79: 박종훈 | D79: 1056455959 | E79: ktds 보안파트 | F79: 39 | G79: 31~38 | H79: 177 | I79: ~175 | J79: ISTJ | K79: 무관 | L79: 무교 | M79: 무관 | N79: 처음에는 어색하지만 친해지면 친구처럼 편한사람입니다 베이킹 하면서 좋은 인연 만들었으면 좋겠습니다 | O79: 말 잘 통하고 생각이 깊은 사람 | P79: 무관 | Q79: 친구랑 같이 신청 할수 있으면 같이 하고 싶어요 친구도 여기 같이 신청 했습니다 친구 이름은 황동민 입니다 | R79: 동의
A80: 79 | B80: 남 | C80: 박준형 | D80: 1065612346 | E80: 패션마케터 | F80: 31 | G80: 무관 | H80: 174 | I80: 무관 | J80: ENFP | K80: 무관 | L80: 무교 | M80: 동일 | N80: 밝게 웃으며 상대를 배려 하는 사람 | O80: 모자 안경이 잘 어울리는사람 | P80: 무관 | Q80: 빵 만드는거 배워보고싶습니다 | R80: 동의
A81: 80 | B81: 여 | C81: 박지연 | D81: 1026764027 | E81: 성형외과 웹디자이너 | F81: 34 | G81: 31~38 | H81: 168 | I81: 175~ | J81: INFP | K81: INFJ, INTJ, ISFJ | L81: 기독교 | M81: 무관 | N81: 차분하지만 가끔 사차원 매력이 있다! | O81: 감정기복이 심하지않고 진중하고 배려심이 많은 사람 | P81: 기술직, 연구직, 회사원, 무관 | R81: 동의
A82: 81 | B82: 남 | C82: 박진훈 | D82: 1040323811 | E82: 연구직 ( 열유동 시뮬레이션 해석 및 개발) | F82: 33 | G82: 24~31 | H82: 173 | I82: ~165 | J82: INTP | K82: 무관 | L82: 무교 | M82: 동일 | N82: 순하고 착한 사람! 매사 긍정적인 사고를 하고 열심히 사는 사람! | O82: 청순하고 귀여운 사람! 착하고 순한 사람! | P82: 무관 | Q82: 잘부탁드립니다..! | R82: 동의
A83: 82 | B83: 남 | C83: 박찬용 | D83: 1042559050 | E83: 대기업 해외영업 | F83: 38 | G83: 20~34 | H83: 172 | I83: 160~175 | J83: ESTP | K83: 무관 | L83: 무교 | M83: 동일 | N83: 유머러스하고 다정다감한 느낌 | O83: 티키타카가 잘 통하시는 분 | P83: 무관 | R83: 동의
A84: 83 | B84: 남 | C84: 박찬우 | D84: 010-5031-2168 | E84: 한국원자력의학원 / 연구원 | F84: 33 | G84: 20~34 | H84: 168 | I84: ~170 | J84: ISTJ | K84: 무관 | L84: 무교 | M84: 무관 | N84: #성실함 # 안정감 #신중함 # 몰입 | O84: # 긍정적 # 다정함 # 밝음 # 존중 | P84: 무관 | R84: 동의
A85: 84 | B85: 여 | C85: 박혜리 | D85: 1083059144 | E85: 인테리어디자이너(설계실) | F85: 36 | G85: 31~38 | H85: 154 | I85: 175~ | J85: ESTP | K85: 무관 | L85: 무교 | M85: 동일 | N85: 새로운 경험을 좋아하고 즐겁게 지내는 사람 | O85: 웃기고귀여운사람 | P85: 무관 | R85: 동의
A86: 85 | B86: 여 | C86: 박혜빈 | D86: 1020707364 | E86: 간호사 | F86: 31 | G86: 28~34 | H86: 161 | I86: 170~ | J86: ISTP | K86: ISFP, ISFJ, ESFJ, ENTJ, ESTJ | L86: 기독교 | M86: 동일 | N86: 책임감 있고 처음엔 낯을 가리지만 수용적인 상대를 만나면 금방 친해짐 | O86: 비흡연자. 기독교인. 성실하고 다정한 사람. | P86: 무관 | Q86: 교대근무라 일정조율 문제가 있습니다 | R86: 동의
A87: 86 | B87: 여 | C87: 배민정 | D87: 1041042417 | E87: 현대모비스 진천공장 | F87: 39 | G87: 38~41 | H87: 165 | I87: 무관 | J87: ENTP | K87: INFP, INTP, INFJ, INTJ, ENFP, ENFJ, ENTP, ENTJ | L87: 무교 | M87: 무관 | N87: 감정이 얼굴에 들어날 정도로 약간 솔직한편 입니다. (남에 대한것이 아닌 제 감정에 솔직히 말하는편) 말로 서로 조율하는걸 선호 하는 편 입니다. 성격은 약간 테토스러운 면이 있습니다 먼저 사과하고 먼저 연락 잘 합니다 | O87: 느낌이 좋고 말이 잘 통하며 유머가 있었으면 합니다 | P87: 무관 | Q87: 특이사항 없습니다. 아 지방사람이라 주말에만 가능 합니다 | R87: 동의
A88: 88 | B88: 여 | C88: 백엄지 | D88: 1055072717 | E88: 트로트백업댄서 | F88: 35 | G88: 31~41 | H88: 168 | I88: 175~ | J88: INTP | K88: INTP, INFJ, ISTJ, INTJ, ISFJ, ENFJ, ENTJ | L88: 무교 | M88: 무관 | N88: 긍정적이고 밝은사람 매사 진지한 편이고 토론을 좋아함 | O88: 내가 배울수있는 존경할만한 사람 | P88: 무관 | R88: 동의
A89: 89 | B89: 여 | C89: 서다빈 | D89: 1020604539 | E89: 사회복지사(장애인 자립생활센터) | F89: 28 | G89: 24~34 | H89: 158 | I89: 175~ | J89: INT(F)P | K89: 무관, ESFJ | L89: 기독교 | M89: 동일 | N89: 귀여운 사람 | O89: 쩝쩝거리지 않고 주먹으로 젓가락질 하지 않는 사람 | P89: 병원직군, 기술직, 공무원, 연구직, 회사원, 무관 | R89: 동의
A90: 90 | B90: 여 | C90: 서지연 | D90: 1036589567 | E90: 사무직(티빙/광고사업부) | F90: 36 | G90: 35~41 | H90: 164 | I90: 175~ | J90: ENTJ | K90: 무관 | L90: 무교 | M90: 동일 | N90: 처음엔 낯을 가리지만 친해지면 털털 | O90: 다정하고 가볍지 않은 사람 | P90: 기술직, 공무원 | R90: 동의
A91: 91 | B91: 남 | C91: 서현석 | D91: 1068803847 | E91: 소프트웨어 개발자(RSQUARE 홈닷FE) | F91: 34 | G91: 28~34 | H91: 168 | I91: ~165 | J91: ENFJ | K91: 무관 | L91: 무교 | M91: 동일 | N91: 평소에 성실하고 섬세하다는 말을 많이 듣습니다. | O91: 관계 유지에 노력을 기울이는 사람을 선호합니다. 외적으로는 작고 귀여운 두부상 스타일 좋아합니다. | P91: 무관 | R91: 동의
A92: 92 | B92: 여 | C92: 성은진 | D92: 1025566704 | E92: 대학병원 의료기사 | F92: 29 | G92: 28~34 | H92: 162 | I92: 175~ | J92: ESFJ | K92: 무관 | L92: 무교, 천주교 | M92: 무관 | N92: 자기관리를 잘하고 성격은 밝고 긍정적이며 책임감 있고 배려심 많음 | O92: 다정하고 배려심 많으며 배울 점이 많고 안정감이 드는 사람 | P92: 무관 | Q92: 잘부탁드립니다!!! | R92: 동의
A93: 93 | B93: 여 | C93: 성지원 | D93: 1030132730 | E93: 서울장곡초등학교 교사 | F93: 44 | G93: 38~ | H93: 165 | I93: 170~ | J93: ISTJ | K93: 무관, ISTJ, ISFJ, ESTJ | L93: 무교 | M93: 무관 | N93: 차분하고 친해지면 귀여운 매력 | O93: 심신이 건강한 사람 | P93: 병원직군, 연구직, 회사원 | R93: 동의
A94: 94 | B94: 남 | C94: 소혜민 | D94: 1071869964 | E94: 자영업 | F94: 32 | G94: 24~31 | H94: 175 | I94: 160~170 | J94: ENFP | K94: 무관 | L94: 무교 | M94: 무관 | N94: 긍정적이고 센스있다 | O94: 긴머리 유쌍 예의 있으신분 | P94: 무관 | R94: 동의
A95: 95 | B95: 남 | C95: 손종민 | D95: 1031277767 | E95: 학원강사 (초중고) | F95: 45 | G95: 무관 | H95: 173 | I95: 무관 | J95: INFP | K95: 무관 | L95: 기독교 | M95: 동일 | N95: 착함(진짜) (타칭) | O95: 귀여운(but 무관) | P95: 무관 | Q95: 시간이 어떻게되는지 모르겠네요ㅠ | R95: 동의
A96: 96 | B96: 여 | C96: 손진 | D96: 1026175810 | E96: 패션업 / 마케팅 | F96: 31 | G96: 31~34 | H96: 165 | I96: 175~ | J96: ESFP | K96: 무관 | L96: 무교 | M96: 동일 | N96: 텐션은 있는데 감정은 안정된 사람 | O96: 대화가 통하고, 삶의 결이 어느 정도 자리 잡힌 사람 | P96: 무관 | R96: 동의
A97: 97 | B97: 여 | C97: 송수연 | D97: 1072070858 | E97: 필라테스 강사 | F97: 36 | G97: 31~38 | H97: 166 | I97: 170~ | J97: ESTJ | K97: 무관 | L97: 무교 | M97: 동일 | N97: 바르고 자기관리 잘하고 거짓말,내숭 없는 사람이에요! 베이킹 하는걸 좋아해서 원데이 클래스를 많이 다녀봤어요! 항상 열심히하고 제 일에 자부심을 가지고 사는 사람입니다 :) 오래 회사생활 하다가 이직한거라 굉장히 긍정적으로 활발하게 공부하며 살고있어요! | O97: 깔끔하고 다정하고 센스있는 분을 좋아해요! 예의있으면서 상대방한테 맞는 배려가 뭔지 아는 너드남 스타일🩷 | P97: 자영업, 무관 | Q97: 무조건 안된다는 아니지만 enfj entp enfp 분들이랑은 별로 안맞았던 것 같아서 좀 만나기 두려워요 😂 | R97: 동의
A98: 98 | B98: 여 | C98: 송아현 | D98: 010-7656-6814 | E98: 자산운용사 | F98: 29 | G98: 31~38 | H98: 172 | I98: 175~ | J98: INTJ | K98: ENFJ, ESFJ, ENTJ, ESTJ | L98: 무교 | M98: 무관 | N98: 차분하고 열심히 사는 사람 | O98: 예의바르고 열심히 사는 사람 | P98: 공무원 | R98: 동의
A99: 99 | B99: 여 | C99: 신영랑 | D99: 1049094615 | E99: 공무원 | F99: 39 | G99: 35~38 | H99: 163 | I99: 175~180 | J99: ISFP | K99: 무관 | L99: 무교 | M99: 동일 | N99: 솔직하고 신뢰를 중시하는 사람 | O99: 다정하고 재밋는 사람 | P99: 무관 | R99: 동의
A100: 100 | B100: 여 | C100: 신현정 | D100: 1063579284 | E100: 외국계회사/영업지원 | F100: 33 | G100: 28~34 | H100: 165 | I100: 175~ | J100: ISFJ | K100: 무관 | L100: 무교 | M100: 무관 | N100: 잘웃고 책임감이 강한 사람 | O100: 쌍커풀 없고 다정한 사람, 재밌는 사람 | P100: 무관 | R100: 동의
A101: 101 | B101: 남 | C101: 안광현 | D101: 1093063233 | E101: 교육 컨설턴트 | F101: 41 | G101: 28~38 | H101: 176 | I101: ~160 | J101: INFJ | K101: 무관 | L101: 천주교 | M101: 무관 | N101: 다정다감하고 배려심이 있는 사람 | O101: 피부가 하얗고 웃는 모습이 예쁜 사람 | P101: 무관 | R101: 동의
...

Sheet 자료정리
B2: 성별 | C2: 이름 | D2: 나이 | E2: 키 | F2: 직업(직장과 파트) | G2: 선호나이 | H2: 선호 키 | I2: MBTI | J2: 선호 MBTI | K2: 종교 | L2: 상대 - 선호종교 | M2: 비선호 직군 | N2: 간단한 자기소개 | O2: 이상형 | P2: 건의사항
A3: 1 | B3: ='Raw data'!B3 -> 남 | C3: ='Raw data'!C3 -> 강기태 | D3: ='Raw data'!F3 -> 34 | E3: ='Raw data'!H3 -> 178 | F3: ='Raw data'!E3 -> 작업치료사 | G3: ='Raw data'!G3 -> 28~34 | H3: ='Raw data'!I3 -> 무관 | I3: ='Raw data'!J3 -> ENFP | J3: ='Raw data'!K3 -> INFP, INFJ, INTJ, ISFJ, ENFP, ESFP, ENFJ, ESFJ, ENTP, ENTJ | K3: ='Raw data'!L3 -> 무교 | L3: ='Raw data'!M3 -> 동일 | M3: ='Raw data'!P3 -> 무관 | N3: ='Raw data'!N3 -> 긍정적이고 밝은사람 | O3: ='Raw data'!O3 -> 밝고 재밌는분 | P3: ='Raw data'!Q3 -> 0
A4: 2 | B4: ='Raw data'!B4 -> 여 | C4: ='Raw data'!C4 -> 강다영 | D4: ='Raw data'!F4 -> 31 | E4: ='Raw data'!H4 -> 169 | F4: ='Raw data'!E4 -> 헤어디자이너 | G4: ='Raw data'!G4 -> 28~38 | H4: ='Raw data'!I4 -> 180~ | I4: ='Raw data'!J4 -> ESTP | J4: ='Raw data'!K4 -> 무관 | K4: ='Raw data'!L4 -> 무교 | L4: ='Raw data'!M4 -> 동일 | M4: ='Raw data'!P4 -> 무관 | N4: ='Raw data'!N4 -> 밝고 뒤끝없는사람 | O4: ='Raw data'!O4 -> 헬스하고 하얀사람..? 어른스럽고 차분한사람 | P4: ='Raw data'!Q4 -> 0
A5: 3 | B5: ='Raw data'!B5 -> 남 | C5: ='Raw data'!C5 -> 강병규 | D5: ='Raw data'!F5 -> 27 | E5: ='Raw data'!H5 -> 172 | F5: ='Raw data'!E5 -> 디스플레이허브 기술파트 | G5: ='Raw data'!G5 -> 20~27 | H5: ='Raw data'!I5 -> ~165 | I5: ='Raw data'!J5 -> ENTJ | J5: ='Raw data'!K5 -> 무관 | K5: ='Raw data'!L5 -> 기독교 | L5: ='Raw data'!M5 -> 동일, 무관 | M5: ='Raw data'!P5 -> 무관 | N5: ='Raw data'!N5 -> 항상 긍정적으로 살아가려고 노력하고 굴곡이 맞지 않은 사람 | O5: ='Raw data'!O5 -> 베이지가 잘 어울리는 여자 | P5: ='Raw data'!Q5 -> 0
A6: 4 | B6: ='Raw data'!B6 -> 여 | C6: ='Raw data'!C6 -> 강영연 | D6: ='Raw data'!F6 -> 45 | E6: ='Raw data'!H6 -> 170 | F6: ='Raw data'!E6 -> 회사원 | G6: ='Raw data'!G6 -> 42~ | H6: ='Raw data'!I6 -> 175~ | I6: ='Raw data'!J6 -> ISFJ | J6: ='Raw data'!K6 -> 무관 | K6: ='Raw data'!L6 -> 천주교 | L6: ='Raw data'!M6 -> 무관 | M6: ='Raw data'!P6 -> 무관 | N6: ='Raw data'!N6 -> 다정하고 재밌는 사람 | O6: ='Raw data'!O6 -> 다정하고 세심한 사람 | P6: ='Raw data'!Q6 -> 0
A7: 5 | B7: ='Raw data'!B7 -> 여 | C7: ='Raw data'!C7 -> 강유진 | D7: ='Raw data'!F7 -> 31 | E7: ='Raw data'!H7 -> 158 | F7: ='Raw data'!E7 -> 포워딩회사 | G7: ='Raw data'!G7 -> 31~38 | H7: ='Raw data'!I7 -> 170~ | I7: ='Raw data'!J7 -> ISFJ | J7: ='Raw data'!K7 -> ENFP, ESFP, ENFJ, ESFJ, ENTP, ESTP, ENTJ | K7: ='Raw data'!L7 -> 무교 | L7: ='Raw data'!M7 -> 무관 | M7: ='Raw data'!P7 -> 무관 | N7: ='Raw data'!N7 -> 겉모습은 차가워보일 수 있지만 알고보면 털털하고 웃음이 많은 사람 | O7: ='Raw data'!O7 -> 다정하고 긍정적인사람 | P7: ='Raw data'!Q7 -> 0
A8: 6 | B8: ='Raw data'!B8 -> 여 | C8: ='Raw data'!C8 -> 강이경 | D8: ='Raw data'!F8 -> 31 | E8: ='Raw data'!H8 -> 170 | F8: ='Raw data'!E8 -> 필라테스강사 | G8: ='Raw data'!G8 -> 28~34 | H8: ='Raw data'!I8 -> 170~ | I8: ='Raw data'!J8 -> ESTJ | J8: ='Raw data'!K8 -> INFP, ISFP, INTP, ISTP, INFJ, ISFJ, ENFJ, ESFJ | K8: ='Raw data'!L8 -> 무교 | L8: ='Raw data'!M8 -> 동일 | M8: ='Raw data'!P8 -> 무관 | N8: ='Raw data'!N8 -> 몸과 마음이 건강한 사람! | O8: ='Raw data'!O8 -> 운동하고 밝은분 | P8: ='Raw data'!Q8 -> 비흡연자 원해요
A9: 7 | B9: ='Raw data'!B9 -> 여 | C9: ='Raw data'!C9 -> 강현지 | D9: ='Raw data'!F9 -> 34 | E9: ='Raw data'!H9 -> 160 | F9: ='Raw data'!E9 -> 전임교수(대구 4년제 사립대학교, 간호학과) | G9: ='Raw data'!G9 -> 31~41 | H9: ='Raw data'!I9 -> 170~ | I9: ='Raw data'!J9 -> ESFJ | J9: ='Raw data'!K9 -> 무관 | K9: ='Raw data'!L9 -> 무교, 불교 | L9: ='Raw data'!M9 -> 동일 | M9: ='Raw data'!P9 -> 공무원, 연구직, 회사원 | N9: ='Raw data'!N9 -> 학문 쪽 커리어를 쌓아온 사람이라 삶의 방향이 뚜렷하고, 관계에서는 관계에서는 상대를 먼저 살피는 사람이라서 안정감을 주는 편 | O9: ='Raw data'!O9 -> 여유있고 상황을 회피하지 않는 사람, 직업적/경제적으로 안정된 상태 | P9: ='Raw data'!Q9 -> 서울-대구 장거리연애&주말부부 상관없는 분이 좋습니다.
A10: 8 | B10: ='Raw data'!B10 -> 여 | C10: ='Raw data'!C10 -> 강혜진 | D10: ='Raw data'!F10 -> 34 | E10: ='Raw data'!H10 -> 15 | F10: ='Raw data'!E10 -> 서비스직(아티제, 바리스타) | G10: ='Raw data'!G10 -> 31~38 | H10: ='Raw data'!I10 -> 175~180 | I10: ='Raw data'!J10 -> INFJ | J10: ='Raw data'!K10 -> 무관 | K10: ='Raw data'!L10 -> 불교 | L10: ='Raw data'!M10 -> 무관 | M10: ='Raw data'!P10 -> 연구직 | N10: ='Raw data'!N10 -> 밝고 다른 사람들과 즐겁게 지내는 걸 좋아하는 사람 | O10: ='Raw data'!O10 -> 대화가 통하고 가정적인 사람 | P10: ='Raw data'!Q10 -> 0
A11: 9 | B11: ='Raw data'!B11 -> 여 | C11: ='Raw data'!C11 -> 공윤재 | D11: ='Raw data'!F11 -> 32 | E11: ='Raw data'!H11 -> 171 | F11: ='Raw data'!E11 -> 공인중개사 대표 | G11: ='Raw data'!G11 -> 28~34 | H11: ='Raw data'!I11 -> 175~ | I11: ='Raw data'!J11 -> ENFJ ESFJ | J11: ='Raw data'!K11 -> 무관 | K11: ='Raw data'!L11 -> 무교 | L11: ='Raw data'!M11 -> 동일 | M11: ='Raw data'!P11 -> 자영업, 공무원 | N11: ='Raw data'!N11 -> 밝고 다정한편이고 직진스타일 입니다! 운동이랑 관리도 꾸준히 하고 성실하게 살아가려고 하고 있어요! | O11: ='Raw data'!O11 -> 키 크고 즐겨하시는 운동이 있으셨으면 좋겠습니다! | P11: ='Raw data'!Q11 -> 0
A12: 10 | B12: ='Raw data'!B12 -> 남 | C12: ='Raw data'!C12 -> 곽원호 | D12: ='Raw data'!F12 -> 49 | E12: ='Raw data'!H12 -> 175 | F12: ='Raw data'!E12 -> 제조업 | G12: ='Raw data'!G12 -> 35~ | H12: ='Raw data'!I12 -> ~165 | I12: ='Raw data'!J12 -> INFJ | J12: ='Raw data'!K12 -> 무관 | K12: ='Raw data'!L12 -> 무교 | L12: ='Raw data'!M12 -> 무관 | M12: ='Raw data'!P12 -> 무관 | N12: ='Raw data'!N12 -> 낮을 좀 가리지만 친해지면 말많고 이야기 잘하지만 나서는 스타일이 아님 소극적이지만 적극적일때는 또 달라짐 | O12: ='Raw data'!O12 -> 밝고 웃는 사람 제가 조용하고 그러다보니 좀 저는 밝고 웃는 사람 이었으면 좋겠습니다 | P12: ='Raw data'!Q12 -> 잘 부탁 드립니다
A13: 11 | B13: ='Raw data'!B13 -> 여 | C13: ='Raw data'!C13 -> 곽찬미 | D13: ='Raw data'!F13 -> 37 | E13: ='Raw data'!H13 -> 158 | F13: ='Raw data'!E13 -> 회사원(출판업계) | G13: ='Raw data'!G13 -> 무관 | H13: ='Raw data'!I13 -> 175~ | I13: ='Raw data'!J13 -> ENFJ | J13: ='Raw data'!K13 -> 무관 | K13: ='Raw data'!L13 -> 무교 | L13: ='Raw data'!M13 -> 무관 | M13: ='Raw data'!P13 -> 무관 | N13: ='Raw data'!N13 -> 투명한 사람 | O13: ='Raw data'!O13 -> 대화코드 잘 맞는 분, 선하신 분 | P13: ='Raw data'!Q13 -> 0
A14: 12 | B14: ='Raw data'!#REF! -> #REF! | C14: ='Raw data'!#REF! -> #REF! | D14: ='Raw data'!#REF! -> #REF! | E14: ='Raw data'!#REF! -> #REF! | F14: ='Raw data'!#REF! -> #REF! | G14: ='Raw data'!#REF! -> #REF! | H14: ='Raw data'!#REF! -> #REF! | I14: ='Raw data'!#REF! -> #REF! | ... P14: ='Raw data'!#REF! -> #REF!
A15: 13 | B15: ='Raw data'!B14 -> 남 | C15: ='Raw data'!C14 -> 권민재 | D15: ='Raw data'!F14 -> 34 | E15: ='Raw data'!H14 -> 168 | F15: ='Raw data'!E14 -> 자영업자 (통신업, 법인 임원/개인사업자 대표) | G15: ='Raw data'!G14 -> 28~34 | H15: ='Raw data'!I14 -> ~160 | I15: ='Raw data'!J14 -> ENTJ | J15: ='Raw data'!K14 -> 무관 | K15: ='Raw data'!L14 -> 무교 | L15: ='Raw data'!M14 -> 무관 | M15: ='Raw data'!P14 -> 무관 | N15: ='Raw data'!N14 -> 진취적, 성장과 성공을 목표로 하는 사람 | O15: ='Raw data'!O14 -> 외적, 작고 아담한 스타일 (연예인, 박보영 남보라 윈터) 내적, 든든한 동료로서 미래를 함께 그려나갈 수 있는 분 | P15: ='Raw data'!Q14 -> 베이킹을 통해 인연을 만나는 자리가 있다는걸 처음 알았네요, 좋은 자리 만들어주셔서 감사합니다. 좋은 인연 만날 수 있기를 기원합니다🙏
A16: 14 | B16: ='Raw data'!B15 -> 남 | C16: ='Raw data'!C15 -> 권영훈 | D16: ='Raw data'!F15 -> 43 | E16: ='Raw data'!H15 -> 175 | F16: ='Raw data'!E15 -> 코웰메디 임플란트 / 영업센터장 | G16: ='Raw data'!G15 -> 35~41 | H16: ='Raw data'!I15 -> ~170 | I16: ='Raw data'!J15 -> ISTP | J16: ='Raw data'!K15 -> ISFP, ISTP, ISTJ, ESFP, ESFJ, ESTP, ESTJ | K16: ='Raw data'!L15 -> 무교 | L16: ='Raw data'!M15 -> 무관 | M16: ='Raw data'!P15 -> 병원직군 | N16: ='Raw data'!N15 -> 차분하고 상대의 이야기를 잘 들어주고 배려심 있는 감정의 기복이 크지 않아요. | O16: ='Raw data'!O15 -> 잘 웃고 배려심 있으며 자신만의 독특한 매력이 있는 사람 | P16: ='Raw data'!Q15 -> 업무로 인해 참석이 어려운 날에 배정된다면 변경이 가능한지 궁금합니다
A17: 15 | B17: ='Raw data'!B16 -> 여 | C17: ='Raw data'!C16 -> 김가영 | D17: ='Raw data'!F16 -> 35 | E17: ='Raw data'!H16 -> 152 | F17: ='Raw data'!E16 -> 소품샵 매니저 | G17: ='Raw data'!G16 -> 31~38 | H17: ='Raw data'!I16 -> 170~180 | I17: ='Raw data'!J16 -> ISTP | J17: ='Raw data'!K16 -> 무관 | K17: ='Raw data'!L16 -> 무교 | L17: ='Raw data'!M16 -> 동일, 무관 | M17: ='Raw data'!P16 -> 무관 | N17: ='Raw data'!N16 -> 매너가 좋은 사람 | O17: ='Raw data'!O16 -> 차태현 최우식 | P17: ='Raw data'!Q16 -> 안녕하세요! 제가 직업 특성상 월, 화요일에 쉬어서 이때만 가능합니다
A18: 16 | B18: ='Raw data'!B17 -> 여 | C18: ='Raw data'!C17 -> 김가현 | D18: ='Raw data'!F17 -> 29 | E18: ='Raw data'!H17 -> 160 | F18: ='Raw data'!E17 -> 간호사 | G18: ='Raw data'!G17 -> 24~31 | H18: ='Raw data'!I17 -> 170~180 | I18: ='Raw data'!J17 -> INFP | J18: ='Raw data'!K17 -> 무관 | K18: ='Raw data'!L17 -> 무교 | L18: ='Raw data'!M17 -> 동일 | M18: ='Raw data'!P17 -> 무관 | N18: ='Raw data'!N17 -> 잘 웃고 상대방을 배려하는 사람 | O18: ='Raw data'!O17 -> 귀엽고 다정다감한 사람 + 비흡연자 | P18: ='Raw data'!Q17 -> 0
A19: 17 | B19: ='Raw data'!B18 -> 여 | C19: ='Raw data'!C18 -> 김경선 | D19: ='Raw data'!F18 -> 41 | E19: ='Raw data'!H18 -> 164 | F19: ='Raw data'!E18 -> 시립어린이집교사-주임교사 | G19: ='Raw data'!G18 -> 38~41 | H19: ='Raw data'!I18 -> 175~180 | I19: ='Raw data'!J18 -> ISFP-ISTJ | J19: ='Raw data'!K18 -> 무관 | K19: ='Raw data'!L18 -> 무교 | L19: ='Raw data'!M18 -> 무관 | M19: ='Raw data'!P18 -> 자영업 | N19: ='Raw data'!N18 -> 164에 58-9 통통한 편이고, 참해보인다는 이야기를 종종듣는 인상입노다. 친해지면 털털하고 애교도 있는데, 낮가림이 있어 먼저 다가가 편해지는데 시간을 필요로 합니다. 올곧게 바르게 살았고, 앞으로도 그럴 예정입니다. 여행을 좋아하고 맛있는걸 좋아합니다^^ | O19: ='Raw data'!O18 -> 너무 감수성이 높은 사람은 잘 안맞는것 같아요.유쾌하고 투명한 사람이 좋습니다. 성실한 사람이 좋습니다.노담이면 좋지만 아니어도 상관없고, 문신은 어려울것같습니다. | P19: ='Raw data'!Q18 -> 0
A20: 18 | B20: ='Raw data'!B19 -> 여 | C20: ='Raw data'!C19 -> 김경희 | D20: ='Raw data'!F19 -> 38 | E20: ='Raw data'!H19 -> 161 | F20: ='Raw data'!E19 -> 부산대학병원 간호부 | G20: ='Raw data'!G19 -> 35~41 | H20: ='Raw data'!I19 -> 170~ | I20: ='Raw data'!J19 -> ESFJ | J20: ='Raw data'!K19 -> 무관 | K20: ='Raw data'!L19 -> 무교 | L20: ='Raw data'!M19 -> 동일 | M20: ='Raw data'!P19 -> 자영업 | N20: ='Raw data'!N19 -> 차분함, 다정함, 꾸준함, 혼자서도 시간 잘 보냄 | O20: ='Raw data'!O19 -> 다정, 안정적인분 | P20: ='Raw data'!Q19 -> 0
A21: 19 | B21: ='Raw data'!B20 -> 남 | C21: ='Raw data'!C20 -> 김광민 | D21: ='Raw data'!F20 -> 28 | E21: ='Raw data'!H20 -> 181 | F21: ='Raw data'!E20 -> 회사원(플랫폼업체 영업직) | G21: ='Raw data'!G20 -> 28~31 | H21: ='Raw data'!I20 -> 160~170 | I21: ='Raw data'!J20 -> ISFJ | J21: ='Raw data'!K20 -> 무관 | K21: ='Raw data'!L20 -> 무교 | L21: ='Raw data'!M20 -> 무관 | M21: ='Raw data'!P20 -> 무관 | N21: ='Raw data'!N20 -> 상대방에게 웃음을 주는 게 좋고 일상 대화를 하면서 평일에 받았던 스트레스가 풀리기도 합니다 처음에는 어색해하기도 하고 낯도 많이 가리기도 하지만 몇 번 얘기하다 보면 어색함도 풀리고 더 말을 걸고 있기도 합니다 일과 생활이 완벽하게 분리가 되어있어 일할 때는 일만 하고 쉴 때는 절대 일 생각도 안 하고 일 얘기도 안 하고 살아가고 있습니다 취미는 야구를 보러 다니고 주말 아침에 축구를 하러 나가고 있습니다 야구를 같이 보러 다니는 걸 좋아하며 맛있는 음식점이 생각나면 찾아가는것도 좋아합니다 집 데이트와 밖에서 하는 데이트를 한쪽으로 몰리지 않게 하는 걸 좋아합니다 연애 스타일은 주도적인 편은 아닌 거 같고 상대방에게 맞춰주는 편입니다 뭘 하든 대화를 통해 하려고 하며 싸우더라도 대화로 바로 푸는 스타일이며 한번 좋아하기 시작하면 정말 정말 많이 좋아하는 타입입니다 | O21: ='Raw data'!O20 -> 안정적이며 대화가 잘 통하는 사람 연상이면 더 좋을거같고 연하는 선호하지 않습니다 | P21: ='Raw data'!Q20 -> 0
A22: 20 | B22: ='Raw data'!B21 -> 여 | C22: ='Raw data'!C21 -> 김나영 | D22: ='Raw data'!F21 -> 26 | E22: ='Raw data'!H21 -> 161 | F22: ='Raw data'!E21 -> (직장)어린이집 교사 | G22: ='Raw data'!G21 -> 20~31 | H22: ='Raw data'!I21 -> 170~ | I22: ='Raw data'!J21 -> ISFJ | J22: ='Raw data'!K21 -> ISFP, ISTP, INFJ, ISTJ, INTJ, ISFJ, ESFP, ENFJ, ESFJ, ENTP, ESTP, ENTJ, ESTJ | K22: ='Raw data'!L21 -> 기독교 | L22: ='Raw data'!M21 -> 동일, 무관 | M22: ='Raw data'!P21 -> 무관 | N22: ='Raw data'!N21 -> 처음 볼 때 낯가림이 있어 조금 뚝닥대고 차가워보일 수 있으나 사람 좋아하고 정이 많음. 집순이, 남사친 X 외적으로 통통한 편.. 빵 좋아하고 작고 귀여운 것들 좋아함. 최애 캐릭터는 짱구,, 입니다. | O22: ='Raw data'!O21 -> 담배, 문신 X / 키 175 이상에 직업 있고 자기 일 열심히 하는 사람. 안경은 약간 비선호.. 무쌍이나 얇은 유쌍 선호(아랍 보다는 두부 선호) 마른 체형보다는 조금 덩치가 있는 분 선호(근육질X) | P22: ='Raw data'!Q21 -> 0
A23: 21 | B23: ='Raw data'!B22 -> 여 | C23: ='Raw data'!C22 -> 김다슬 | D23: ='Raw data'!F22 -> 29 | E23: ='Raw data'!H22 -> 164 | F23: ='Raw data'!E22 -> 신라스테이 경영지원 | G23: ='Raw data'!G22 -> 31~34 | H23: ='Raw data'!I22 -> 175~ | I23: ='Raw data'!J22 -> ESTJ/ ESTP | J23: ='Raw data'!K22 -> 무관, INFP, ISFP, INFJ, ISFJ, ENFP, ESFP, ENFJ, ESFJ | K23: ='Raw data'!L22 -> 무교 | L23: ='Raw data'!M22 -> 동일, 무관 | M23: ='Raw data'!P22 -> 병원직군, 공무원 | N23: ='Raw data'!N22 -> 외관상 도도해보여 다가가기 어려워보이나 내면은 순딩순딩 친해지면 첫인상과 전혀 다른 마음 따뜻한 사람 | O23: ='Raw data'!O22 -> 키큰 강아지상 | P23: ='Raw data'!Q22 -> 0
A24: 22 | B24: ='Raw data'!B23 -> 남 | C24: ='Raw data'!C23 -> 김동국 | D24: ='Raw data'!F23 -> 37 | E24: ='Raw data'!H23 -> 174 | F24: ='Raw data'!E23 -> 대학병원 행정직 | G24: ='Raw data'!G23 -> 28~38 | H24: ='Raw data'!I23 -> 160~170 | I24: ='Raw data'!J23 -> ISTP | J24: ='Raw data'!K23 -> 무관 | K24: ='Raw data'!L23 -> 천주교 | L24: ='Raw data'!M23 -> 무관 | M24: ='Raw data'!P23 -> 무관 | N24: ='Raw data'!N23 -> 다정하고 잘 챙겨주는사람 | O24: ='Raw data'!O23 -> 청순하고 털털하신분 | P24: ='Raw data'!Q23 -> 0
A25: 23 | B25: ='Raw data'!B24 -> 남 | C25: ='Raw data'!C24 -> 김문환 | D25: ='Raw data'!F24 -> 40 | E25: ='Raw data'!H24 -> 176 | F25: ='Raw data'!E24 -> 작가, 철학연구가 | G25: ='Raw data'!G24 -> 31~41 | H25: ='Raw data'!I24 -> 160~170 | I25: ='Raw data'!J24 -> ENTP | J25: ='Raw data'!K24 -> 무관 | K25: ='Raw data'!L24 -> 무교 | L25: ='Raw data'!M24 -> 무관 | M25: ='Raw data'!P24 -> 무관 | N25: ='Raw data'!N24 -> 장난기 많지만 진중한 사람 | O25: ='Raw data'!O24 -> 0 | P25: ='Raw data'!Q24 -> 0
A26: 24 | B26: ='Raw data'!B25 -> 여 | C26: ='Raw data'!C25 -> 김민경 | D26: ='Raw data'!F25 -> 32 | E26: ='Raw data'!H25 -> 171 | F26: ='Raw data'!E25 -> 대기업계열사, 사이버 보안 | G26: ='Raw data'!G25 -> 31~34 | H26: ='Raw data'!I25 -> 175~180 | I26: ='Raw data'!J25 -> ENFP | J26: ='Raw data'!K25 -> 무관 | K26: ='Raw data'!L25 -> 불교 | L26: ='Raw data'!M25 -> 무관 | M26: ='Raw data'!P25 -> 자영업 | N26: ='Raw data'!N25 -> 잘웃고 리액션 장인이라는 소리를 많이 들어요 | O26: ='Raw data'!O25 -> 제 키를 부담스러워하지 않는 사람, 말을 예쁘게 하는 사람 | P26: ='Raw data'!Q25 -> 0
... A88: 86 | B88: ='Raw data'!B87 -> 여 | C88: ='Raw data'!C87 -> 배민정 | D88: ='Raw data'!F87 -> 39 | E88: ='Raw data'!H87 -> 165 | F88: ='Raw data'!E87 -> 현대모비스 진천공장 | G88: ='Raw data'!G87 -> 38~41 | H88: ='Raw data'!I87 -> 무관 | I88: ='Raw data'!J87 -> ENTP | J88: ='Raw data'!K87 -> INFP, INTP, INFJ, INTJ, ENFP, ENFJ, ENTP, ENTJ | K88: ='Raw data'!L87 -> 무교 | L88: ='Raw data'!M87 -> 무관 | M88: ='Raw data'!P87 -> 무관 | N88: ='Raw data'!N87 -> 감정이 얼굴에 들어날 정도로 약간 솔직한편 입니다. (남에 대한것이 아닌 제 감정에 솔직히 말하는편) 말로 서로 조율하는걸 선호 하는 편 입니다. 성격은 약간 테토스러운 면이 있습니다 먼저 사과하고 먼저 연락 잘 합니다 | O88: ='Raw data'!O87 -> 느낌이 좋고 말이 잘 통하며 유머가 있었으면 합니다 | P88: ='Raw data'!Q87 -> 특이사항 없습니다. 아 지방사람이라 주말에만 가능 합니다
A89: 87 | B89: ='Raw data'!#REF! -> #REF! | C89: ='Raw data'!#REF! -> #REF! | D89: ='Raw data'!#REF! -> #REF! | E89: ='Raw data'!#REF! -> #REF! | F89: ='Raw data'!#REF! -> #REF! | G89: ='Raw data'!#REF! -> #REF! | H89: ='Raw data'!#REF! -> #REF! | I89: ='Raw data'!#REF! -> #REF! | ... P89: ='Raw data'!#REF! -> #REF!
A90: 88 | B90: ='Raw data'!B88 -> 여 | C90: ='Raw data'!C88 -> 백엄지 | D90: ='Raw data'!F88 -> 35 | E90: ='Raw data'!H88 -> 168 | F90: ='Raw data'!E88 -> 트로트백업댄서 | G90: ='Raw data'!G88 -> 31~41 | H90: ='Raw data'!I88 -> 175~ | I90: ='Raw data'!J88 -> INTP | J90: ='Raw data'!K88 -> INTP, INFJ, ISTJ, INTJ, ISFJ, ENFJ, ENTJ | K90: ='Raw data'!L88 -> 무교 | L90: ='Raw data'!M88 -> 무관 | M90: ='Raw data'!P88 -> 무관 | N90: ='Raw data'!N88 -> 긍정적이고 밝은사람 매사 진지한 편이고 토론을 좋아함 | O90: ='Raw data'!O88 -> 내가 배울수있는 존경할만한 사람 | P90: ='Raw data'!Q88 -> 0
A91: 89 | B91: ='Raw data'!B89 -> 여 | C91: ='Raw data'!C89 -> 서다빈 | D91: ='Raw data'!F89 -> 28 | E91: ='Raw data'!H89 -> 158 | F91: ='Raw data'!E89 -> 사회복지사(장애인 자립생활센터) | G91: ='Raw data'!G89 -> 24~34 | H91: ='Raw data'!I89 -> 175~ | I91: ='Raw data'!J89 -> INT(F)P | J91: ='Raw data'!K89 -> 무관, ESFJ | K91: ='Raw data'!L89 -> 기독교 | L91: ='Raw data'!M89 -> 동일 | M91: ='Raw data'!P89 -> 병원직군, 기술직, 공무원, 연구직, 회사원, 무관 | N91: ='Raw data'!N89 -> 귀여운 사람 | O91: ='Raw data'!O89 -> 쩝쩝거리지 않고 주먹으로 젓가락질 하지 않는 사람 | P91: ='Raw data'!Q89 -> 0
A92: 90 | B92: ='Raw data'!B90 -> 여 | C92: ='Raw data'!C90 -> 서지연 | D92: ='Raw data'!F90 -> 36 | E92: ='Raw data'!H90 -> 164 | F92: ='Raw data'!E90 -> 사무직(티빙/광고사업부) | G92: ='Raw data'!G90 -> 35~41 | H92: ='Raw data'!I90 -> 175~ | I92: ='Raw data'!J90 -> ENTJ | J92: ='Raw data'!K90 -> 무관 | K92: ='Raw data'!L90 -> 무교 | L92: ='Raw data'!M90 -> 동일 | M92: ='Raw data'!P90 -> 기술직, 공무원 | N92: ='Raw data'!N90 -> 처음엔 낯을 가리지만 친해지면 털털 | O92: ='Raw data'!O90 -> 다정하고 가볍지 않은 사람 | P92: ='Raw data'!Q90 -> 0
A93: 91 | B93: ='Raw data'!B91 -> 남 | C93: ='Raw data'!C91 -> 서현석 | D93: ='Raw data'!F91 -> 34 | E93: ='Raw data'!H91 -> 168 | F93: ='Raw data'!E91 -> 소프트웨어 개발자(RSQUARE 홈닷FE) | G93: ='Raw data'!G91 -> 28~34 | H93: ='Raw data'!I91 -> ~165 | I93: ='Raw data'!J91 -> ENFJ | J93: ='Raw data'!K91 -> 무관 | K93: ='Raw data'!L91 -> 무교 | L93: ='Raw data'!M91 -> 동일 | M93: ='Raw data'!P91 -> 무관 | N93: ='Raw data'!N91 -> 평소에 성실하고 섬세하다는 말을 많이 듣습니다. | O93: ='Raw data'!O91 -> 관계 유지에 노력을 기울이는 사람을 선호합니다. 외적으로는 작고 귀여운 두부상 스타일 좋아합니다. | P93: ='Raw data'!Q91 -> 0
A94: 92 | B94: ='Raw data'!B92 -> 여 | C94: ='Raw data'!C92 -> 성은진 | D94: ='Raw data'!F92 -> 29 | E94: ='Raw data'!H92 -> 162 | F94: ='Raw data'!E92 -> 대학병원 의료기사 | G94: ='Raw data'!G92 -> 28~34 | H94: ='Raw data'!I92 -> 175~ | I94: ='Raw data'!J92 -> ESFJ | J94: ='Raw data'!K92 -> 무관 | K94: ='Raw data'!L92 -> 무교, 천주교 | L94: ='Raw data'!M92 -> 무관 | M94: ='Raw data'!P92 -> 무관 | N94: ='Raw data'!N92 -> 자기관리를 잘하고 성격은 밝고 긍정적이며 책임감 있고 배려심 많음 | O94: ='Raw data'!O92 -> 다정하고 배려심 많으며 배울 점이 많고 안정감이 드는 사람 | P94: ='Raw data'!Q92 -> 잘부탁드립니다!!!
A95: 93 | B95: ='Raw data'!B93 -> 여 | C95: ='Raw data'!C93 -> 성지원 | D95: ='Raw data'!F93 -> 44 | E95: ='Raw data'!H93 -> 165 | F95: ='Raw data'!E93 -> 서울장곡초등학교 교사 | G95: ='Raw data'!G93 -> 38~ | H95: ='Raw data'!I93 -> 170~ | I95: ='Raw data'!J93 -> ISTJ | J95: ='Raw data'!K93 -> 무관, ISTJ, ISFJ, ESTJ | K95: ='Raw data'!L93 -> 무교 | L95: ='Raw data'!M93 -> 무관 | M95: ='Raw data'!P93 -> 병원직군, 연구직, 회사원 | N95: ='Raw data'!N93 -> 차분하고 친해지면 귀여운 매력 | O95: ='Raw data'!O93 -> 심신이 건강한 사람 | P95: ='Raw data'!Q93 -> 0
A96: 94 | B96: ='Raw data'!B94 -> 남 | C96: ='Raw data'!C94 -> 소혜민 | D96: ='Raw data'!F94 -> 32 | E96: ='Raw data'!H94 -> 175 | F96: ='Raw data'!E94 -> 자영업 | G96: ='Raw data'!G94 -> 24~31 | H96: ='Raw data'!I94 -> 160~170 | I96: ='Raw data'!J94 -> ENFP | J96: ='Raw data'!K94 -> 무관 | K96: ='Raw data'!L94 -> 무교 | L96: ='Raw data'!M94 -> 무관 | M96: ='Raw data'!P94 -> 무관 | N96: ='Raw data'!N94 -> 긍정적이고 센스있다 | O96: ='Raw data'!O94 -> 긴머리 유쌍 예의 있으신분 | P96: ='Raw data'!Q94 -> 0
A97: 95 | B97: ='Raw data'!B95 -> 남 | C97: ='Raw data'!C95 -> 손종민 | D97: ='Raw data'!F95 -> 45 | E97: ='Raw data'!H95 -> 173 | F97: ='Raw data'!E95 -> 학원강사 (초중고) | G97: ='Raw data'!G95 -> 무관 | H97: ='Raw data'!I95 -> 무관 | I97: ='Raw data'!J95 -> INFP | J97: ='Raw data'!K95 -> 무관 | K97: ='Raw data'!L95 -> 기독교 | L97: ='Raw data'!M95 -> 동일 | M97: ='Raw data'!P95 -> 무관 | N97: ='Raw data'!N95 -> 착함(진짜) (타칭) | O97: ='Raw data'!O95 -> 귀여운(but 무관) | P97: ='Raw data'!Q95 -> 시간이 어떻게되는지 모르겠네요ㅠ
A98: 96 | B98: ='Raw data'!B96 -> 여 | C98: ='Raw data'!C96 -> 손진 | D98: ='Raw data'!F96 -> 31 | E98: ='Raw data'!H96 -> 165 | F98: ='Raw data'!E96 -> 패션업 / 마케팅 | G98: ='Raw data'!G96 -> 31~34 | H98: ='Raw data'!I96 -> 175~ | I98: ='Raw data'!J96 -> ESFP | J98: ='Raw data'!K96 -> 무관 | K98: ='Raw data'!L96 -> 무교 | L98: ='Raw data'!M96 -> 동일 | M98: ='Raw data'!P96 -> 무관 | N98: ='Raw data'!N96 -> 텐션은 있는데 감정은 안정된 사람 | O98: ='Raw data'!O96 -> 대화가 통하고, 삶의 결이 어느 정도 자리 잡힌 사람 | P98: ='Raw data'!Q96 -> 0
A99: 97 | B99: ='Raw data'!B97 -> 여 | C99: ='Raw data'!C97 -> 송수연 | D99: ='Raw data'!F97 -> 36 | E99: ='Raw data'!H97 -> 166 | F99: ='Raw data'!E97 -> 필라테스 강사 | G99: ='Raw data'!G97 -> 31~38 | H99: ='Raw data'!I97 -> 170~ | I99: ='Raw data'!J97 -> ESTJ | J99: ='Raw data'!K97 -> 무관 | K99: ='Raw data'!L97 -> 무교 | L99: ='Raw data'!M97 -> 동일 | M99: ='Raw data'!P97 -> 자영업, 무관 | N99: ='Raw data'!N97 -> 바르고 자기관리 잘하고 거짓말,내숭 없는 사람이에요! 베이킹 하는걸 좋아해서 원데이 클래스를 많이 다녀봤어요! 항상 열심히하고 제 일에 자부심을 가지고 사는 사람입니다 :) 오래 회사생활 하다가 이직한거라 굉장히 긍정적으로 활발하게 공부하며 살고있어요! | O99: ='Raw data'!O97 -> 깔끔하고 다정하고 센스있는 분을 좋아해요! 예의있으면서 상대방한테 맞는 배려가 뭔지 아는 너드남 스타일🩷 | P99: ='Raw data'!Q97 -> 무조건 안된다는 아니지만 enfj entp enfp 분들이랑은 별로 안맞았던 것 같아서 좀 만나기 두려워요 😂
A100: 98 | B100: ='Raw data'!B98 -> 여 | C100: ='Raw data'!C98 -> 송아현 | D100: ='Raw data'!F98 -> 29 | E100: ='Raw data'!H98 -> 172 | F100: ='Raw data'!E98 -> 자산운용사 | G100: ='Raw data'!G98 -> 31~38 | H100: ='Raw data'!I98 -> 175~ | I100: ='Raw data'!J98 -> INTJ | J100: ='Raw data'!K98 -> ENFJ, ESFJ, ENTJ, ESTJ | K100: ='Raw data'!L98 -> 무교 | L100: ='Raw data'!M98 -> 무관 | M100: ='Raw data'!P98 -> 공무원 | N100: ='Raw data'!N98 -> 차분하고 열심히 사는 사람 | O100: ='Raw data'!O98 -> 예의바르고 열심히 사는 사람 | P100: ='Raw data'!Q98 -> 0
A101: 99 | B101: ='Raw data'!B99 -> 여 | C101: ='Raw data'!C99 -> 신영랑 | D101: ='Raw data'!F99 -> 39 | E101: ='Raw data'!H99 -> 163 | F101: ='Raw data'!E99 -> 공무원 | G101: ='Raw data'!G99 -> 35~38 | H101: ='Raw data'!I99 -> 175~180 | I101: ='Raw data'!J99 -> ISFP | J101: ='Raw data'!K99 -> 무관 | K101: ='Raw data'!L99 -> 무교 | L101: ='Raw data'!M99 -> 동일 | M101: ='Raw data'!P99 -> 무관 | N101: ='Raw data'!N99 -> 솔직하고 신뢰를 중시하는 사람 | O101: ='Raw data'!O99 -> 다정하고 재밋는 사람 | P101: ='Raw data'!Q99 -> 0
... A130: 128 | B130: ='Raw data'!B128 -> 남 | C130: ='Raw data'!C128 -> 이민규 | D130: ='Raw data'!F128 -> 34 | E130: ='Raw data'!H128 -> 185 | F130: ='Raw data'!E128 -> 외국계 IT 기업 / PM | G130: ='Raw data'!G128 -> 28~34 | H130: ='Raw data'!I128 -> 160~170 | I130: ='Raw data'!J128 -> INFP | J130: ='Raw data'!K128 -> 무관 | K130: ='Raw data'!L128 -> 무교 | L130: ='Raw data'!M128 -> 동일 | M130: ='Raw data'!P128 -> 무관 | N130: ='Raw data'!N128 -> 저는 운동 좋아하고 대화하고 서로 일상 공유하는 것도 좋습니다. 본인 일에 최선을 다하고 데이트할 땐 데이트에 집중하는 성향을 가지고 있습니다 | O130: ='Raw data'!O128 -> 대화 잘 통하고 선하게 생기신 분 | P130: ='Raw data'!Q128 -> 0
A131: 129 | B131: ='Raw data'!#REF! -> #REF! | C131: ='Raw data'!#REF! -> #REF! | D131: ='Raw data'!#REF! -> #REF! | E131: ='Raw data'!#REF! -> #REF! | F131: ='Raw data'!#REF! -> #REF! | G131: ='Raw data'!#REF! -> #REF! | H131: ='Raw data'!#REF! -> #REF! | I131: ='Raw data'!#REF! -> #REF! | ... P131: ='Raw data'!#REF! -> #REF!
A132: 130 | B132: ='Raw data'!B129 -> 여 | C132: ='Raw data'!C129 -> 이상희 | D132: ='Raw data'!F129 -> 36 | E132: ='Raw data'!H129 -> 155 | F132: ='Raw data'!E129 -> 강북삼성병원 병동간호사 | G132: ='Raw data'!G129 -> 31~38 | H132: ='Raw data'!I129 -> 170~ | I132: ='Raw data'!J129 -> ISFP | J132: ='Raw data'!K129 -> 무관 | K132: ='Raw data'!L129 -> 천주교 | L132: ='Raw data'!M129 -> 무관 | M132: ='Raw data'!P129 -> 병원직군, 공무원, 연구직, 회사원 | N132: ='Raw data'!N129 -> 친절하고 착하고 동안인 사람 | O132: ='Raw data'!O129 -> 0 | P132: ='Raw data'!Q129 -> 0
A133: 131 | B133: ='Raw data'!B130 -> 여 | C133: ='Raw data'!C130 -> 이선해 | D133: ='Raw data'!F130 -> 30 | E133: ='Raw data'!H130 -> 160 | F133: ='Raw data'!E130 -> 최근 퇴사하고 이직준비중 - 전직장 (작업치료사) | G133: ='Raw data'!G130 -> 28~34 | H133: ='Raw data'!I130 -> 175~ | I133: ='Raw data'!J130 -> ESTJ | J133: ='Raw data'!K130 -> 무관 | K133: ='Raw data'!L130 -> 무교 | L133: ='Raw data'!M130 -> 동일 | M133: ='Raw data'!P130 -> 무관 | N133: ='Raw data'!N130 -> 차분하고 솔직한 성격 | O133: ='Raw data'!O130 -> 차분한 너드남 | P133: ='Raw data'!Q130 -> 0
A134: 132 | B134: ='Raw data'!B131 -> 남 | C134: ='Raw data'!C131 -> 이성원 | D134: ='Raw data'!F131 -> 38 | E134: ='Raw data'!H131 -> 178.8 | F134: ='Raw data'!E131 -> 한국이스포츠협회/심판운영파트 | G134: ='Raw data'!G131 -> 28~34 | H134: ='Raw data'!I131 -> 160~170 | I134: ='Raw data'!J131 -> ESFJ | J134: ='Raw data'!K131 -> 무관 | K134: ='Raw data'!L131 -> 무교 | L134: ='Raw data'!M131 -> 동일 | M134: ='Raw data'!P131 -> 무관 | N134: ='Raw data'!N131 -> 지속적으로 성장하기 위해 끊임없이 노력하는 사람. 놀땐 놀고, 일할 때는 일하고! | O134: ='Raw data'!O131 -> 키 165 이상, 긴생머리, 외국어 능력자 | P134: ='Raw data'!Q131 -> 참여비와 참여 시간 등이 궁금해요.
A135: 133 | B135: ='Raw data'!B132 -> 여 | C135: ='Raw data'!C132 -> 이송미 | D135: ='Raw data'!F132 -> 36 | E135: ='Raw data'!H132 -> 155 | F135: ='Raw data'!E132 -> 메이크업 - 부원장 | G135: ='Raw data'!G132 -> 31~38 | H135: ='Raw data'!I132 -> 175~180 | I135: ='Raw data'!J132 -> ISFJ | J135: ='Raw data'!K132 -> 무관 | K135: ='Raw data'!L132 -> 무교 | L135: ='Raw data'!M132 -> 무관 | M135: ='Raw data'!P132 -> 무관 | N135: ='Raw data'!N132 -> 츤데레 | O135: ='Raw data'!O132 -> 티키타카 잘되는 개그성향 | P135: ='Raw data'!Q132 -> 0
A136: 134 | B136: ='Raw data'!B133 -> 여 | C136: ='Raw data'!C133 -> 이수빈 | D136: ='Raw data'!F133 -> 34 | E136: ='Raw data'!H133 -> 163 | F136: ='Raw data'!E133 -> 공무원 | G136: ='Raw data'!G133 -> 24~38 | H136: ='Raw data'!I133 -> 175~ | I136: ='Raw data'!J133 -> ENFP | J136: ='Raw data'!K133 -> 무관 | K136: ='Raw data'!L133 -> 무교 | L136: ='Raw data'!M133 -> 무관 | M136: ='Raw data'!P133 -> 무관 | N136: ='Raw data'!N133 -> 밝음 재미 솔직 차분 따뜻 | O136: ='Raw data'!O133 -> 나와 결이 비슷한사람 | P136: ='Raw data'!Q133 -> 외모를 좀 봅니다.. 최대한 반영해주시면 감사합니다🥹
A137: 135 | B137: ='Raw data'!B134 -> 여 | C137: ='Raw data'!C134 -> 이수연 | D137: ='Raw data'!F134 -> 40 | E137: ='Raw data'!H134 -> 164 | F137: ='Raw data'!E134 -> 유통사 재무팀 | G137: ='Raw data'!G134 -> 38~41 | H137: ='Raw data'!I134 -> 175~180 | I137: ='Raw data'!J134 -> ISTP | J137: ='Raw data'!K134 -> 무관 | K137: ='Raw data'!L134 -> 천주교 | L137: ='Raw data'!M134 -> 무관 | M137: ='Raw data'!P134 -> 무관 | N137: ='Raw data'!N134 -> 운동을 즐겨하고 조용하게 시간 보내는걸 좋아합니다:-) | O137: ='Raw data'!O134 -> 행동이 상식적이고 대화가 잘 통하는 사람 | P137: ='Raw data'!Q134 -> 0
A138: 136 | B138: ='Raw data'!B135 -> 남 | C138: ='Raw data'!C135 -> 이승재 | D138: ='Raw data'!F135 -> 39 | E138: ='Raw data'!H135 -> 172 | F138: ='Raw data'!E135 -> 공공기관 종합병원 재활 | G138: ='Raw data'!G135 -> 28~38 | H138: ='Raw data'!I135 -> ~165 | I138: ='Raw data'!J135 -> ISFJ | J138: ='Raw data'!K135 -> 무관 | K138: ='Raw data'!L135 -> 천주교 | L138: ='Raw data'!M135 -> 동일, 무관 | M138: ='Raw data'!P135 -> 자영업, 연구직 | N138: ='Raw data'!N135 -> 예의있고 진중하면서도 유머를 갖춘 사람 | O138: ='Raw data'!O135 -> 웃음이 이쁘고 말 이쁘게 하시는 분 | P138: ='Raw data'!Q135 -> 결혼까지 생각하며 빵 열심히 만들게요 : )
A139: 137 | B139: ='Raw data'!B136 -> 남 | C139: ='Raw data'!C136 -> 이승준 | D139: ='Raw data'!F136 -> 34 | E139: ='Raw data'!H136 -> 173 | F139: ='Raw data'!E136 -> 사업 | G139: ='Raw data'!G136 -> 28~34 | H139: ='Raw data'!I136 -> ~165 | I139: ='Raw data'!J136 -> ESTJ | J139: ='Raw data'!K136 -> 무관 | K139: ='Raw data'!L136 -> 무교 | L139: ='Raw data'!M136 -> 동일 | M139: ='Raw data'!P136 -> 무관 | N139: ='Raw data'!N136 -> 다정다감한 사람 | O139: ='Raw data'!O136 -> 귀엽고 애교 많은 사람, 루틴이 있는 사람 | P139: ='Raw data'!Q136 -> 0
A140: 138 | B140: ='Raw data'!B137 -> 남 | C140: ='Raw data'!C137 -> 이시준 | D140: ='Raw data'!F137 -> 33 | E140: ='Raw data'!H137 -> 185 | F140: ='Raw data'!E137 -> 현대오토에버 IT개발 | G140: ='Raw data'!G137 -> 28~31 | H140: ='Raw data'!I137 -> 165~175 | I140: ='Raw data'!J137 -> ISFP | J140: ='Raw data'!K137 -> INFP, ISFP, INFJ, ISFJ, ENFP, ESFP, ENFJ, ESFJ, ENTP, ESTP, ENTJ, ESTJ | K140: ='Raw data'!L137 -> 무교 | L140: ='Raw data'!M137 -> 동일 | M140: ='Raw data'!P137 -> 병원직군, 자영업, 공무원 | N140: ='Raw data'!N137 -> 주위 분들 착하고 다정한 사람이라고 많이 말씀해주십니다.. ㅎㅎ.. 화도 잘 안내고 무던한 편입니다! 하는 일에 있어서는 책임감있게 해내려고 하는 편이에요 | O140: ='Raw data'!O137 -> 경제관념이 있으신분. 키가 크신분. 선하게 생기신 분 | P140: ='Raw data'!Q137 -> 나이대가 저와 2-3살 정도 아래였으면 싶습니다.. ㅎㅎ..
A141: 139 | B141: ='Raw data'!B138 -> 여 | C141: ='Raw data'!C138 -> 이연재 | D141: ='Raw data'!F138 -> 36 | E141: ='Raw data'!H138 -> 160 | F141: ='Raw data'!E138 -> 대기업 과장 | G141: ='Raw data'!G138 -> 31~41 | H141: ='Raw data'!I138 -> 175~180 | I141: ='Raw data'!J138 -> ISTJ | J141: ='Raw data'!K138 -> 무관 | K141: ='Raw data'!L138 -> 무교, 불교 | L141: ='Raw data'!M138 -> 동일 | M141: ='Raw data'!P138 -> 무관 | N141: ='Raw data'!N138 -> 차분하고 상대방 말 잘 들어주는 사람 | O141: ='Raw data'!O138 -> 다정한 사람 | P141: ='Raw data'!Q138 -> 0
A142: 140 | B142: ='Raw data'!B139 -> 여 | C142: ='Raw data'!C139 -> 이유경 | D142: ='Raw data'!F139 -> 30 | E142: ='Raw data'!H139 -> 158 | F142: ='Raw data'!E139 -> 유아특수교사 | G142: ='Raw data'!G139 -> 31~34 | H142: ='Raw data'!I139 -> 175~ | I142: ='Raw data'!J139 -> INFJ | J142: ='Raw data'!K139 -> 무관 | K142: ='Raw data'!L139 -> 무교 | L142: ='Raw data'!M139 -> 동일 | M142: ='Raw data'!P139 -> 기술직, 자영업 | N142: ='Raw data'!N139 -> 배려심깊고 다정한사람 | O142: ='Raw data'!O139 -> 개그코드가 맞고 배울점이 많은 사람 | P142: ='Raw data'!Q139 -> 0
A143: 141 | B143: ='Raw data'!B140 -> 여 | C143: ='Raw data'!C140 -> 이유미 | D143: ='Raw data'!F140 -> 41 | E143: ='Raw data'!H140 -> 161 | F143: ='Raw data'!E140 -> 핀에어 승무원 | G143: ='Raw data'!G140 -> 38~ | H143: ='Raw data'!I140 -> 170~ | I143: ='Raw data'!J140 -> ESFJ-T | J143: ='Raw data'!K140 -> ISTJ, ISFJ, ESTJ | K143: ='Raw data'!L140 -> 무교 | L143: ='Raw data'!M140 -> 0 | M143: ='Raw data'!P140 -> 무관 | N143: ='Raw data'!N140 -> 딘순하고 밝고 유쾌함 | O143: ='Raw data'!O140 -> 마음이 넓고 대화가잘통하는 편한사람 | P143: ='Raw data'!Q140 -> 0
... A147: 145 | B147: ='Raw data'!B144 -> 여 | C147: ='Raw data'!C144 -> 이은지 | D147: ='Raw data'!F144 -> 29 | E147: ='Raw data'!H144 -> 159.9 | F147: ='Raw data'!E144 -> 회사원/사무직 | G147: ='Raw data'!G144 -> 28~34 | H147: ='Raw data'!I144 -> 0 | I147: ='Raw data'!J144 -> ISTP | J147: ='Raw data'!K144 -> ISTJ, ISFJ, ENFJ, ESFJ, ENTJ, ESTJ | K147: ='Raw data'!L144 -> 무교 | L147: ='Raw data'!M144 -> 동일 | M147: ='Raw data'!P144 -> 0 | N147: ='Raw data'!N144 -> 밝고 행복한 사람>< | O147: ='Raw data'!O144 -> 0 | P147: ='Raw data'!Q144 -> 0
A148: 146 | B148: ='Raw data'!#REF! -> #REF! | C148: ='Raw data'!#REF! -> #REF! | D148: ='Raw data'!#REF! -> #REF! | E148: ='Raw data'!#REF! -> #REF! | F148: ='Raw data'!#REF! -> #REF! | G148: ='Raw data'!#REF! -> #REF! | H148: ='Raw data'!#REF! -> #REF! | I148: ='Raw data'!#REF! -> #REF! | ... P148: ='Raw data'!#REF! -> #REF!
A149: 147 | B149: ='Raw data'!B145 -> 남 | C149: ='Raw data'!C145 -> 이준석 | D149: ='Raw data'!F145 -> 39 | E149: ='Raw data'!H145 -> 172 | F149: ='Raw data'!E145 -> 인테리어 유지보수 | G149: ='Raw data'!G145 -> 28~34 | H149: ='Raw data'!I145 -> 160~170 | I149: ='Raw data'!J145 -> ESFJ | J149: ='Raw data'!K145 -> 무관 | K149: ='Raw data'!L145 -> 무교 | L149: ='Raw data'!M145 -> 무관 | M149: ='Raw data'!P145 -> 무관 | N149: ='Raw data'!N145 -> 눈치 삐르고 섬세한 자기 관리 열심히 | O149: ='Raw data'!O145 -> 운동하고 요리하는거 좋아하시는분 | P149: ='Raw data'!Q145 -> 0
A150: 148 | B150: ='Raw data'!B146 -> 여 | C150: ='Raw data'!C146 -> 이지수 | D150: ='Raw data'!F146 -> 35 | E150: ='Raw data'!H146 -> 167 | F150: ='Raw data'!E146 -> 경영지원부 총무 | G150: ='Raw data'!G146 -> 31~38 | H150: ='Raw data'!I146 -> 175~ | I150: ='Raw data'!J146 -> ISFJ | J150: ='Raw data'!K146 -> ISTP | K150: ='Raw data'!L146 -> 무교 | L150: ='Raw data'!M146 -> 무관 | M150: ='Raw data'!P146 -> 무관 | N150: ='Raw data'!N146 -> 웃음이 많고 배려심이 깊은 사람 | O150: ='Raw data'!O146 -> 키크고 내사람에게만 다정하고 안정적인 사람 | P150: ='Raw data'!Q146 -> 0
A151: 149 | B151: ='Raw data'!B147 -> 여 | C151: ='Raw data'!C147 -> 이진미 | D151: ='Raw data'!F147 -> 30 | E151: ='Raw data'!H147 -> 155 | F151: ='Raw data'!E147 -> 현대카드 영업지원 | G151: ='Raw data'!G147 -> 31~38 | H151: ='Raw data'!I147 -> 170~180 | I151: ='Raw data'!J147 -> ESFJ | J151: ='Raw data'!K147 -> 무관 | K151: ='Raw data'!L147 -> 무교 | L151: ='Raw data'!M147 -> 무관 | M151: ='Raw data'!P147 -> 회사원, 무관 | N151: ='Raw data'!N147 -> 밝고 다정다감한 테토녀 | O151: ='Raw data'!O147 -> 표현 잘하고 말을 이쁘게 하는 테토남 | P151: ='Raw data'!Q147 -> 0
A152: 150 | B152: ='Raw data'!B148 -> 남 | C152: ='Raw data'!C148 -> 이창우 | D152: ='Raw data'!F148 -> 31 | E152: ='Raw data'!H148 -> 170 | F152: ='Raw data'!E148 -> 물리치료사 | G152: ='Raw data'!G148 -> 24~34 | H152: ='Raw data'!I148 -> ~165 | I152: ='Raw data'!J148 -> ESFJ | J152: ='Raw data'!K148 -> 무관 | K152: ='Raw data'!L148 -> 무교 | L152: ='Raw data'!M148 -> 동일 | M152: ='Raw data'!P148 -> 무관 | N152: ='Raw data'!N148 -> 착하다 섬세하다 활발하다 | O152: ='Raw data'!O148 -> 밝고 긍정적인 사람 | P152: ='Raw data'!Q148 -> 0
A153: 151 | B153: ='Raw data'!B149 -> 여 | C153: ='Raw data'!C149 -> 이하승 | D153: ='Raw data'!F149 -> 38 | E153: ='Raw data'!H149 -> 169 | F153: ='Raw data'!E149 -> 실내건축업 사업체 운영 | G153: ='Raw data'!G149 -> 35~41 | H153: ='Raw data'!I149 -> 175~ | I153: ='Raw data'!J149 -> ESFP | J153: ='Raw data'!K149 -> 무관, ISTJ, ISFJ, ENFJ, ESFJ | K153: ='Raw data'!L149 -> 무교 | L153: ='Raw data'!M149 -> 동일 | M153: ='Raw data'!P149 -> 무관 | N153: ='Raw data'!N149 -> 밝고 웃음이 많음, 애정표현잘함, 술담배x, 자기관리 꾸준히 하는편 | O153: ='Raw data'!O149 -> 차분하고 대화 티키타카 잘되는 사람, 다정하고 섬세한 사람, 술담배x, 자기관리하고 패션 센스(깔끔)있는 사람 | P153: ='Raw data'!Q149 -> 0
A154: 152 | B154: ='Raw data'!B150 -> 여 | C154: ='Raw data'!C150 -> 이한나 | D154: ='Raw data'!F150 -> 37 | E154: ='Raw data'!H150 -> 164 | F154: ='Raw data'!E150 -> 치위생사 치과 실장직 | G154: ='Raw data'!G150 -> 35~ | H154: ='Raw data'!I150 -> 180~ | I154: ='Raw data'!J150 -> ISFP | J154: ='Raw data'!K150 -> 무관 | K154: ='Raw data'!L150 -> 무교 | L154: ='Raw data'!M150 -> 동일 | M154: ='Raw data'!P150 -> 병원직군, 자영업, 공무원 | N154: ='Raw data'!N150 -> 긍정적인,성실한 | O154: ='Raw data'!O150 -> 성실하고,다정한 | P154: ='Raw data'!Q150 -> 0
A155: 153 | B155: ='Raw data'!B151 -> 여 | C155: ='Raw data'!C151 -> 이희영 | D155: ='Raw data'!F151 -> 32 | E155: ='Raw data'!H151 -> 170 | F155: ='Raw data'!E151 -> 의료기기, 인허가(규제전문가) | G155: ='Raw data'!G151 -> 35~38 | H155: ='Raw data'!I151 -> 175~ | I155: ='Raw data'!J151 -> ISTP | J155: ='Raw data'!K151 -> ISFP, INFJ, ISTJ, INTJ, ISFJ, ESFP, ESFJ, ENTJ, ESTJ | K155: ='Raw data'!L151 -> 기독교 | L155: ='Raw data'!M151 -> 동일, 무관 | M155: ='Raw data'!P151 -> 공무원 | N155: ='Raw data'!N151 -> 예쁜사람 | O155: ='Raw data'!O151 -> 자기 일을 좋아하는 사람 | P155: ='Raw data'!Q151 -> 제가 수원사는데 너무 강북만 아니면 좋을거 같아요..
A156: 154 | B156: ='Raw data'!B152 -> 여 | C156: ='Raw data'!C152 -> 임경선 | D156: ='Raw data'!F152 -> 30 | E156: ='Raw data'!H152 -> 170 | F156: ='Raw data'!E152 -> SMC 광고회사 디자인팀 | G156: ='Raw data'!G152 -> 28~34 | H156: ='Raw data'!I152 -> 180~ | I156: ='Raw data'!J152 -> INTP | J156: ='Raw data'!K152 -> ISFP, INTP, ISTP, INFJ, ISTJ, INTJ, ISFJ, ESFP, ENFJ, ESFJ, ENTP, ESTP, ENTJ, ESTJ | K156: ='Raw data'!L152 -> 무교 | L156: ='Raw data'!M152 -> 무관 | M156: ='Raw data'!P152 -> 자영업 | N156: ='Raw data'!N152 -> 잘 웃고 성실하고 건강한 일상 루틴 실천하는 사람입니다. | O156: ='Raw data'!O152 -> 듬직하고 무던하시면서 성실하신 분을 선호합니다. | P156: ='Raw data'!Q152 -> 0
A157: 155 | B157: ='Raw data'!B153 -> 남 | C157: ='Raw data'!C153 -> 임동국 | D157: ='Raw data'!F153 -> 42 | E157: ='Raw data'!H153 -> 174 | F157: ='Raw data'!E153 -> 디앤지관세사무소 대표 (관세사) | G157: ='Raw data'!G153 -> 31~38 | H157: ='Raw data'!I153 -> 160~175 | I157: ='Raw data'!J153 -> INTP | J157: ='Raw data'!K153 -> 무관 | K157: ='Raw data'!L153 -> 무교, 천주교, 불교 | L157: ='Raw data'!M153 -> 무관 | M157: ='Raw data'!P153 -> 무관 | N157: ='Raw data'!N153 -> 일잘하고 성실하고 자상한사람 | O157: ='Raw data'!O153 -> 밝고 긍정적이고 잘 웃으시는 분 | P157: ='Raw data'!Q153 -> 잘부탁드립니다 😊
A158: 156 | B158: ='Raw data'!B154 -> 남 | C158: ='Raw data'!C154 -> 임용관 | D158: ='Raw data'!F154 -> 34 | E158: ='Raw data'!H154 -> 173 | F158: ='Raw data'!E154 -> 회사원 / 개발자 | G158: ='Raw data'!G154 -> 무관 | H158: ='Raw data'!I154 -> 165~170 | I158: ='Raw data'!J154 -> ENTJ | J158: ='Raw data'!K154 -> INFP, ISFP, INTP, INFJ, ISTJ, INTJ, ISFJ, ENFP, ESFP, ENFJ, ESFJ, ENTP, ESTP, ENTJ, ESTJ | K158: ='Raw data'!L154 -> 무교 | L158: ='Raw data'!M154 -> 무관 | M158: ='Raw data'!P154 -> 무관 | N158: ='Raw data'!N154 -> 일할 때는 집중해서 끝까지 파고드는 편이지만 평소에는 편하게 웃고 대화하는 시간을 좋아하는 사람입니다. 운동과 자기관리를 꾸준히 하면서 균형 있는 삶을 지향하고 있습니다. | O158: ='Raw data'!O154 -> 잘 웃고 밝은 에너지를 가진 분에게 자연스럽게 끌립니다. 외적으로는 고양이상이나 여우상처럼 분위기가 또렷한 분을 선호하고, 웃을 때 매력이 느껴지는 분에게 호감을 느끼는 편입니다. | P158: ='Raw data'!Q154 -> 0
A159: 157 | B159: ='Raw data'!B155 -> 여 | C159: ='Raw data'!C155 -> 임지현 | D159: ='Raw data'!F155 -> 33 | E159: ='Raw data'!H155 -> 157 | F159: ='Raw data'!E155 -> 신한DS 라이프개발팀(신한라이프) | G159: ='Raw data'!G155 -> 31~38 | H159: ='Raw data'!I155 -> 175~ | I159: ='Raw data'!J155 -> ISTP | J159: ='Raw data'!K155 -> ISFP, INTP, ISTP, ISTJ, INTJ, ISFJ, ESFP, ESFJ, ENTP, ESTP, ENTJ, ESTJ | K159: ='Raw data'!L155 -> 무교 | L159: ='Raw data'!M155 -> 무관 | M159: ='Raw data'!P155 -> 무관 | N159: ='Raw data'!N155 -> 솔찍하고 담백하지만 밝은 기운이 있는 사람 | O159: ='Raw data'!O155 -> 다정하고 솔찍하고 웃을때 예쁜 남자 | P159: ='Raw data'!Q155 -> 0
A160: 158 | B160: ='Raw data'!B156 -> 여 | C160: ='Raw data'!C156 -> 임혜성 | D160: ='Raw data'!F156 -> 39 | E160: ='Raw data'!H156 -> 164 | F160: ='Raw data'!E156 -> 웹디자이너 | G160: ='Raw data'!G156 -> 35~41 | H160: ='Raw data'!I156 -> 175~180 | I160: ='Raw data'!J156 -> ESFJ | J160: ='Raw data'!K156 -> ENFJ, ESFJ | K160: ='Raw data'!L156 -> 무교, 불교 | L160: ='Raw data'!M156 -> 동일 | M160: ='Raw data'!P156 -> 무관 | N160: ='Raw data'!N156 -> 밝고 친근한사람? | O160: ='Raw data'!O156 -> 진중하고 자상한분 | P160: ='Raw data'!Q156 -> 0
... A196: 194 | B196: ='Raw data'!B192 -> 여 | C196: ='Raw data'!C192 -> 최지연 | D196: ='Raw data'!F192 -> 38 | E196: ='Raw data'!H192 -> 161 | F196: ='Raw data'!E192 -> 증견기업 회계팀 | G196: ='Raw data'!G192 -> 35~41 | H196: ='Raw data'!I192 -> 170~175 | I196: ='Raw data'!J192 -> ENFJ | J196: ='Raw data'!K192 -> INFP, ISFP, INFJ, ISFJ, ENFP, ESFP, ENFJ, ESFJ | K196: ='Raw data'!L192 -> 무교 | L196: ='Raw data'!M192 -> 동일 | M196: ='Raw data'!P192 -> 무관 | N196: ='Raw data'!N192 -> 밝고 긍정적이며 운동을 좋아하는 사람 | O196: ='Raw data'!O192 -> 다정다감하고 함께 운동,여행 취미를 즐길 수 있는 사람 | P196: ='Raw data'!Q192 -> 0
A197: 195 | B197: ='Raw data'!#REF! -> #REF! | C197: ='Raw data'!#REF! -> #REF! | D197: ='Raw data'!#REF! -> #REF! | E197: ='Raw data'!#REF! -> #REF! | F197: ='Raw data'!#REF! -> #REF! | G197: ='Raw data'!#REF! -> #REF! | H197: ='Raw data'!#REF! -> #REF! | I197: ='Raw data'!#REF! -> #REF! | ... P197: ='Raw data'!#REF! -> #REF!
A198: 196 | B198: ='Raw data'!B193 -> 여 | C198: ='Raw data'!C193 -> 최혜지 | D198: ='Raw data'!F193 -> 31 | E198: ='Raw data'!H193 -> 173 | F198: ='Raw data'!E193 -> 스타트업 경영지원팀 | G198: ='Raw data'!G193 -> 31~38 | H198: ='Raw data'!I193 -> 175~ | I198: ='Raw data'!J193 -> ISFJ | J198: ='Raw data'!K193 -> 무관 | K198: ='Raw data'!L193 -> 0 | L198: ='Raw data'!M193 -> 0 | M198: ='Raw data'!P193 -> 0 | N198: ='Raw data'!N193 -> 내향적, 섬세함, 꼼꼼함, 조심성 강함, 소확행을 소중히 하는 사람. | O198: ='Raw data'!O193 -> 매너 있으면서도 자연스럽게 리드해주고, 말 한마디도 예쁘게 건네는 사람, 안정적인 직장이 있는 사람. | P198: ='Raw data'!Q193 -> 가능하다면 비흡연자였으면 좋겠습니다
A199: 197 | B199: ='Raw data'!B194 -> 여 | C199: ='Raw data'!C194 -> 추지은 | D199: ='Raw data'!F194 -> 33 | E199: ='Raw data'!H194 -> 159 | F199: ='Raw data'!E194 -> 중소기업/회계총무 | G199: ='Raw data'!G194 -> 31~34 | H199: ='Raw data'!I194 -> 175~180 | I199: ='Raw data'!J194 -> ISFP | J199: ='Raw data'!K194 -> 무관 | K199: ='Raw data'!L194 -> 불교 | L199: ='Raw data'!M194 -> 무관 | M199: ='Raw data'!P194 -> 연구직, 회사원 | N199: ='Raw data'!N194 -> 밝은 사람 | O199: ='Raw data'!O194 -> 대화가 통하는 사람 | P199: ='Raw data'!Q194 -> 0
A200: 198 | B200: ='Raw data'!B195 -> 여 | C200: ='Raw data'!C195 -> 한미향 | D200: ='Raw data'!F195 -> 39 | E200: ='Raw data'!H195 -> 160 | F200: ='Raw data'!E195 -> 대학병원 교육간호사 | G200: ='Raw data'!G195 -> 38~ | H200: ='Raw data'!I195 -> 175~ | I200: ='Raw data'!J195 -> ENTP | J200: ='Raw data'!K195 -> 무관 | K200: ='Raw data'!L195 -> 무교, 불교 | L200: ='Raw data'!M195 -> 동일 | M200: ='Raw data'!P195 -> 무관 | N200: ='Raw data'!N195 -> 알록달록 무지개 | O200: ='Raw data'!O195 -> 차분하고 편안한 사람 | P200: ='Raw data'!Q195 -> 0
A201: 199 | B201: ='Raw data'!B196 -> 여 | C201: ='Raw data'!C196 -> 한민희 | D201: ='Raw data'!F196 -> 28 | E201: ='Raw data'!H196 -> 162 | F201: ='Raw data'!E196 -> 한의원 원무직원 | G201: ='Raw data'!G196 -> 28~34 | H201: ='Raw data'!I196 -> 170~ | I201: ='Raw data'!J196 -> ESFJ | J201: ='Raw data'!K196 -> 무관 | K201: ='Raw data'!L196 -> 무교 | L201: ='Raw data'!M196 -> 무관 | M201: ='Raw data'!P196 -> 무관 | N201: ='Raw data'!N196 -> 자가관리 잘하려고 노력하며 긍정적인 운 좋은 사람 | O201: ='Raw data'!O196 -> 웃는거 이쁜 사람 청결한 사람 예의있는 사람 배울점 많은 사람 | P201: ='Raw data'!Q196 -> 0
A202: 200 | B202: ='Raw data'!B197 -> 여 | C202: ='Raw data'!C197 -> 한소라 | D202: ='Raw data'!F197 -> 38 | E202: ='Raw data'!H197 -> 159 | F202: ='Raw data'!E197 -> 바리스타 /대형카페 매니저 | G202: ='Raw data'!G197 -> 35~41 | H202: ='Raw data'!I197 -> 170~180 | I202: ='Raw data'!J197 -> ISTJ | J202: ='Raw data'!K197 -> 무관 | K202: ='Raw data'!L197 -> 불교 | L202: ='Raw data'!M197 -> 무관 | M202: ='Raw data'!P197 -> 무관 | N202: ='Raw data'!N197 -> 진중하고 긍정적인사람 | O202: ='Raw data'!O197 -> 대화가 잘통하는 사람 티키타카가 잘되시는 분 | P202: ='Raw data'!Q197 -> 0
A203: 201 | B203: ='Raw data'!B198 -> 남 | C203: ='Raw data'!C198 -> 한유태 | D203: ='Raw data'!F198 -> 34 | E203: ='Raw data'!H198 -> 177 | F203: ='Raw data'!E198 -> 개발자 | G203: ='Raw data'!G198 -> 28~34 | H203: ='Raw data'!I198 -> 160~170 | I203: ='Raw data'!J198 -> ENFJ | J203: ='Raw data'!K198 -> 무관 | K203: ='Raw data'!L198 -> 무교 | L203: ='Raw data'!M198 -> 동일 | M203: ='Raw data'!P198 -> 무관 | N203: ='Raw data'!N198 -> 다정한 사람 | O203: ='Raw data'!O198 -> 같이 있을 때 즐거운 사람 | P203: ='Raw data'!Q198 -> 0
A204: 202 | B204: ='Raw data'!B199 -> 여 | C204: ='Raw data'!C199 -> 한채린 | D204: ='Raw data'!F199 -> 31 | E204: ='Raw data'!H199 -> 165 | F204: ='Raw data'!E199 -> 비영리기관(사무직) | G204: ='Raw data'!G199 -> 28~38 | H204: ='Raw data'!I199 -> 170~ | I204: ='Raw data'!J199 -> ISFJ | J204: ='Raw data'!K199 -> 무관, ESFP, ESFJ, ESTP, ENTJ | K204: ='Raw data'!L199 -> 무교 | L204: ='Raw data'!M199 -> 무관 | M204: ='Raw data'!P199 -> 무관 | N204: ='Raw data'!N199 -> 안녕하세요. 차분한 시간을 좋아하고, 작은 순간들을 소중하게 생각하는 사람입니다. 평소에는 음악을 듣거나 카페에서 조용히 시간을 보내는 걸 좋아하고, 피아노연주나 클래식공연 보는것도 좋아합니다. 일상의 소소한 장면들을 기록하는 것도 즐깁니다. 베이킹처럼 손으로 무언가를 함께 만들어가는 시간도 참 따뜻할 것 같아 신청하게 되었습니다. | O204: ='Raw data'!O199 -> 밝고 긍정적인 에너지, 자신의 일과 삶에 책임감을 가지고 성실하게 살아가는 사람. 편안하게 대화하며 소소한 시간을 함께 즐길 수 있는 사람. 외적인건 뚱뚱한것과 자기관리가 안되는것. | P204: ='Raw data'!Q199
A205: 203 | B205: ='Raw data'!B200 -> 여 | C205: ='Raw data'!C200 -> 허재희 | D205: ='Raw data'!F200 -> 36 | E205: ='Raw data'!H200 -> 161 | F205: ='Raw data'!E200 -> 바리스타 | G205: ='Raw data'!G200 -> 31~38 | H205: ='Raw data'!I200 -> 170~ | I205: ='Raw data'!J200 -> ISFJ | J205: ='Raw data'!K200 -> 무관 | K205: ='Raw data'!L200 -> 무교 | L205: ='Raw data'!M200 -> 무관 | M205: ='Raw data'!P200 -> 자영업 | N205: ='Raw data'!N200 -> 긍정적이고 예민하지않은 사람 | O205: ='Raw data'!O200 -> 털털하고 다정한사람 | P205: ='Raw data'!Q200 -> 0
A206: 204 | B206: ='Raw data'!B201 -> 여 | C206: ='Raw data'!C201 -> 홍여경 | D206: ='Raw data'!F201 -> 38 | E206: ='Raw data'!H201 -> 164 | F206: ='Raw data'!E201 -> 주택관리사무소 직원 | G206: ='Raw data'!G201 -> 31~38 | H206: ='Raw data'!I201 -> 175~ | I206: ='Raw data'!J201 -> ISFP | J206: ='Raw data'!K201 -> ISTJ, ISFJ, ESFJ | K206: ='Raw data'!L201 -> 무교 | L206: ='Raw data'!M201 -> 동일 | M206: ='Raw data'!P201 -> 자영업 | N206: ='Raw data'!N201 -> 밝고 긍정적이며 리액션 좋은 사람 | O206: ='Raw data'!O201 -> 하얀무쌍 리트리버 멍뭉미있는 남자 | P206: ='Raw data'!Q201 -> 요즘엔 만나이로 적어야하는지 헷갈려요.. 1989년생입니다!
A207: 205 | B207: ='Raw data'!B202 -> 남 | C207: ='Raw data'!C202 -> 황동민 | D207: ='Raw data'!F202 -> 40 | E207: ='Raw data'!H202 -> 167 | F207: ='Raw data'!E202 -> 개발자 | G207: ='Raw data'!G202 -> 38~41 | H207: ='Raw data'!I202 -> ~160 | I207: ='Raw data'!J202 -> ISFP | J207: ='Raw data'!K202 -> 무관 | K207: ='Raw data'!L202 -> 기독교 | L207: ='Raw data'!M202 -> 무관 | M207: ='Raw data'!P202 -> 무관 | N207: ='Raw data'!N202 -> 내성적이지만 친해지면서 활발해지는 사람 입니다. | O207: ='Raw data'!O202 -> 0 | P207: ='Raw data'!Q202 -> 0
A208: 206 | B208: ='Raw data'!B203 -> 여 | C208: ='Raw data'!C203 -> 황신혜 | D208: ='Raw data'!F203 -> 37 | E208: ='Raw data'!H203 -> 162 | F208: ='Raw data'!E203 -> 프리랜서 | G208: ='Raw data'!G203 -> 31~41 | H208: ='Raw data'!I203 -> 170~180 | I208: ='Raw data'!J203 -> ISFP | J208: ='Raw data'!K203 -> 무관 | K208: ='Raw data'!L203 -> 기독교 | L208: ='Raw data'!M203 -> 무관 | M208: ='Raw data'!P203 -> 무관 | N208: ='Raw data'!N203 -> 친절한사람 | O208: ='Raw data'!O203 -> 친절하고 나랑 잘 맞는 사람 | P208: ='Raw data'!Q203 -> 0
A209: 207 | B209: ='Raw data'!B204 -> 여 | C209: ='Raw data'!C204 -> 황혜선 | D209: ='Raw data'!F204 -> 40 | E209: ='Raw data'!H204 -> 155 | F209: ='Raw data'!E204 -> 학교,학원 바이올린 선생님 | G209: ='Raw data'!G204 -> 38~ | H209: ='Raw data'!I204 -> 170~180 | I209: ='Raw data'!J204 -> ENFP | J209: ='Raw data'!K204 -> 무관 | K209: ='Raw data'!L204 -> 천주교 | L209: ='Raw data'!M204 -> 무관 | M209: ='Raw data'!P204 -> 기술직, 자영업 | N209: ='Raw data'!N204 -> 잘 웃고 마음이 따뜻한 사람 | O209: ='Raw data'!O204 -> 한결같고 티키타카가 잘 되는 사람. 표현이 많은 솔직한 사람 | P209: ='Raw data'!Q204 -> 0
... A299: 297 | B299: ='Raw data'!B294 -> 남 | C299: ='Raw data'!C294 -> 최봄 | D299: ='Raw data'!F294 -> 29 | E299: ='Raw data'!H294 -> 174 | F299: ='Raw data'!E294 -> 영상의학과 방사선사 | G299: ='Raw data'!G294 -> 20~31 | H299: ='Raw data'!I294 -> 무관 | I299: ='Raw data'!J294 -> INFJ | J299: ='Raw data'!K294 -> 무관 | K299: ='Raw data'!L294 -> 무교 | L299: ='Raw data'!M294 -> 무관 | M299: ='Raw data'!P294 -> 병원직군 | N299: ='Raw data'!N294 -> 섬세하고 대화를 좋아하는 사람 | O299: ='Raw data'!O294 -> 티키타카가 잘 되는 사람 | P299: ='Raw data'!Q294 -> 나이가 비슷했으면 좋겠습니다.
A300: 298 | B300: ='Raw data'!B295 -> 여 | C300: ='Raw data'!C295 -> 전민정 | D300: 31 | E300: ='Raw data'!H295 -> 160 | F300: ='Raw data'!E295 -> 교육청 7급주무관 | G300: ='Raw data'!G295 -> 31~38 | H300: ='Raw data'!I295 -> 175~ | I300: ='Raw data'!J295 -> INFP | J300: ='Raw data'!K295 -> 무관 | K300: ='Raw data'!L295 -> 무교 | L300: ='Raw data'!M295 -> 무관 | M300: ='Raw data'!P295 -> 무관 | N300: ='Raw data'!N295 -> 착하다? | O300: ='Raw data'!O295 -> 피부좋고 남자다운분 | P300: ='Raw data'!Q295 -> 0
A301: 299 | B301: ='Raw data'!B296 -> 여 | C301: ='Raw data'!C296 -> 신혜주 | D301: 35 | E301: ='Raw data'!H296 -> 160 | F301: ='Raw data'!E296 -> 서울아산병원 간호사 | G301: ='Raw data'!G296 -> 31~38 | H301: ='Raw data'!I296 -> 175~ | I301: ='Raw data'!J296 -> ESTJ | J301: ='Raw data'!K296 -> 무관 | K301: ='Raw data'!L296 -> 무교 | L301: ='Raw data'!M296 -> 무관 | M301: ='Raw data'!P296 -> 무관 | N301: ='Raw data'!N296 -> 신중함 | O301: ='Raw data'!O296 -> 0 | P301: ='Raw data'!Q296 -> 0
A302: 300 | B302: ='Raw data'!B297 -> 여 | C302: ='Raw data'!C297 -> 손혜민 | D302: ='Raw data'!F297 -> 41 | E302: ='Raw data'!H297 -> 172 | F302: ='Raw data'!E297 -> 무역회사 해외영업 | G302: ='Raw data'!G297 -> 38~45 | H302: ='Raw data'!I297 -> 180~ | I302: ='Raw data'!J297 -> ESFP | J302: ='Raw data'!K297 -> 무관 | K302: ='Raw data'!L297 -> 무교 | L302: ='Raw data'!M297 -> 무관 | M302: ='Raw data'!P297 -> 무관 | N302: ='Raw data'!N297 -> 밝고 따뜻한 성격 | O302: ='Raw data'!O297 -> 다정하고 유머있는 남자다운 사람 | P302: ='Raw data'!Q297 -> 키 중요하게 생각합니닷
A303: 301 | B303: ='Raw data'!B298 -> 여 | C303: ='Raw data'!C298 -> 김길원 | D303: 29 | E303: ='Raw data'!H298 -> 161 | F303: ='Raw data'!E298 -> 삼성서울병원 중환자실 | G303: ='Raw data'!G298 -> 28~34 | H303: ='Raw data'!I298 -> 170~ | I303: ='Raw data'!J298 -> ENFP | J303: ='Raw data'!K298 -> INTJ, ENTJ | K303: ='Raw data'!L298 -> 무교 | L303: ='Raw data'!M298 -> 무관 | M303: ='Raw data'!P298 -> 무관 | N303: ='Raw data'!N298 -> 제 가장 큰 장점은 유연함입니다. 또 세상에 호기심이 많고 긍정적인 편입니다. 그래서 주변과 잘 어울립니다. 저는 글보다 직접 보는게 더 나은 사람이라고 생각해요. 잘 부탁드립니다 ㅎㅎ | O303: ='Raw data'!O298 -> 어느정도 자기관리 되어 있는 똑 부러지는 사람. 책임감있는 사람. Entj Intj 극극선호합니다. | P303: ='Raw data'!Q298 -> 잘 부탁드립니다. 저번에 참여하지 못했는데 이번에는 기회주시면 책임감 가지고 꼭 참여하겠습니다.
A304: 302 | B304: ='Raw data'!B299 -> 여 | C304: ='Raw data'!C299 -> 김민경 | D304: ='Raw data'!F299 -> 32 | E304: ='Raw data'!H299 -> 171 | F304: ='Raw data'!E299 -> 대기업계열사, IT직군 | G304: ='Raw data'!G299 -> 31~34 | H304: ='Raw data'!I299 -> 175~180 | I304: ='Raw data'!J299 -> E/INFP | J304: ='Raw data'!K299 -> 무관 | K304: ='Raw data'!L299 -> 무교, 불교 | L304: ='Raw data'!M299 -> 동일, 무관 | M304: ='Raw data'!P299 -> 자영업 | N304: ='Raw data'!N299 -> 리액션이 좋다는 소리를 많이 듣는 편이구 상대방에게 최대한 맞춰주는 편입니다. | O304: ='Raw data'!O299 -> 자상하고 말을 이쁘게 하는 사람 | P304: ='Raw data'!Q299 -> 0
A305: 303 | B305: ='Raw data'!B300 -> 여 | C305: ='Raw data'!C300 -> 김한나 | D305: ='Raw data'!F300 -> 35 | E305: ='Raw data'!H300 -> 170 | F305: ='Raw data'!E300 -> 삼성서울병원 간호사 | G305: ='Raw data'!G300 -> 31~38 | H305: ='Raw data'!I300 -> 175~ | I305: ='Raw data'!J300 -> ISFP | J305: ='Raw data'!K300 -> 무관 | K305: ='Raw data'!L300 -> 무교 | L305: ='Raw data'!M300 -> 동일 | M305: ='Raw data'!P300 -> 무관 | N305: ='Raw data'!N300 -> 낯을 가리지만 친해지면 재밌음 | O305: ='Raw data'!O300 -> 다정하고 재밌는 사람 | P305: ='Raw data'!Q300 -> 0
A306: 304 | B306: ='Raw data'!B301 -> 여 | C306: ='Raw data'!C301 -> 조의리 | D306: ='Raw data'!F301 -> 37 | E306: ='Raw data'!H301 -> 168 | F306: ='Raw data'!E301 -> 의료사회복지사(가톨릭대학교 서울성모병원, 사회사업팀) | G306: ='Raw data'!G301 -> 31~41 | H306: ='Raw data'!I301 -> 175~ | I306: ='Raw data'!J301 -> INTJ | J306: ='Raw data'!K301 -> 무관 | K306: ='Raw data'!L301 -> 무교 | L306: ='Raw data'!M301 -> 무관 | M306: ='Raw data'!P301 -> 무관 | N306: ='Raw data'!N301 -> 첫인상으로 판단 할 수 없는 사람(겉바속촉) | O306: ='Raw data'!O301 -> 내 솔직한 모습을 꺼내 보일 수 있는 사람 | P306: ='Raw data'!Q301 -> 0
A307: 305 | B307: ='Raw data'!B302 -> 여 | C307: ='Raw data'!C302 -> 박세란 | D307: ='Raw data'!F302 -> 26 | E307: ='Raw data'!H302 -> 164 | F307: ='Raw data'!E302 -> 삼성서울병원 건강의학본부 임상병리사 | G307: ='Raw data'!G302 -> 24~31 | H307: ='Raw data'!I302 -> 170~ | I307: ='Raw data'!J302 -> ISFJ | J307: ='Raw data'!K302 -> 무관 | K307: ='Raw data'!L302 -> 무교 | L307: ='Raw data'!M302 -> 동일, 무관 | M307: ='Raw data'!P302 -> 자영업 | N307: ='Raw data'!N302 -> 배려, 차분, 리액션 퀸 | O307: ='Raw data'!O302 -> 따뜻, 섬세, 안정형 | P307: ='Raw data'!Q302 -> 0
A308: 306 | B308: ='Raw data'!B303 -> 여 | C308: ='Raw data'!C303 -> 조수열 | D308: ='Raw data'!F303 -> 35 | E308: ='Raw data'!H303 -> 167 | F308: ='Raw data'!E303 -> 삼성서울병원 원무과 | G308: ='Raw data'!G303 -> 31~34 | H308: ='Raw data'!I303 -> 170~180 | I308: ='Raw data'!J303 -> ISFP/ESTP | J308: ='Raw data'!K303 -> INFJ, ISTJ, ISFJ, ENFJ, ESFJ, ESTP | K308: ='Raw data'!L303 -> 무교 | L308: ='Raw data'!M303 -> 무관 | M308: ='Raw data'!P303 -> 자영업, 공무원 | N308: ='Raw data'!N303 -> 신중하고 편하고 배려심 있고 유머러스한 사람 | O308: ='Raw data'!O303 -> 자기관리 잘하는 깔끔한 사람.배려 존중 잘하고 예의 바른 사람. 개그 코드 잘 맞으면 좋아요 | P308: ='Raw data'!Q303 -> 상대방 나이는 동갑이나 1,2살 위&아래 까지만을 선호합니다. 설레는 봄 맞이하고 싶어요ㅠㅠ~~~
A309: 307 | B309: ='Raw data'!B304 -> 여 | C309: ='Raw data'!C304 -> 박서영 | D309: ='Raw data'!F304 -> 26 | E309: ='Raw data'!H304 -> 168 | F309: ='Raw data'!E304 -> 삼성서울병원 별관동 수술실 | G309: ='Raw data'!G304 -> 24~31 | H309: ='Raw data'!I304 -> 175~ | I309: ='Raw data'!J304 -> ISFJ | J309: ='Raw data'!K304 -> 무관 | K309: ='Raw data'!L304 -> 무교 | L309: ='Raw data'!M304 -> 동일 | M309: ='Raw data'!P304 -> 병원직군 | N309: ='Raw data'!N304 -> 밝고 웃음이 많은 사람입니다 ◡̈ | O309: ='Raw data'!O304 -> 키 크고 얘기가 잘 통하며 예의바르고 다정다감한 사람 | P309: ='Raw data'!Q304 -> 0
A310: 308 | B310: ='Raw data'!B305 -> 남 | C310: ='Raw data'!C305 -> 박찬우 | D310: ='Raw data'!F305 -> 33 | E310: ='Raw data'!H305 -> 168 | F310: ='Raw data'!E305 -> 한국원자력의학원 / 연구원 | G310: ='Raw data'!G305 -> 20~34 | H310: ='Raw data'!I305 -> ~170 | I310: ='Raw data'!J305 -> ISTJ | J310: ='Raw data'!K305 -> 무관 | K310: ='Raw data'!L305 -> 무교 | L310: ='Raw data'!M305 -> 무관 | M310: ='Raw data'!P305 -> 무관 | N310: ='Raw data'!N305 -> #성실함 #신중함 #안정감 #호기심 많은 | O310: ='Raw data'!O305 -> #다정함 #긍정적 #정돈됨 #주관있는 | P310: ='Raw data'!Q305 -> 0
A311: 309 | B311: ='Raw data'!B306 -> 여 | C311: ='Raw data'!C306 -> 최정아 | D311: ='Raw data'!F306 -> 35 | E311: ='Raw data'!H306 -> 160 | F311: ='Raw data'!E306 -> 삼성디스플레이 연구원 | G311: ='Raw data'!G306 -> 31~38 | H311: ='Raw data'!I306 -> 170~ | I311: ='Raw data'!J306 -> ESFP | J311: ='Raw data'!K306 -> 무관 | K311: ='Raw data'!L306 -> 무교 | L311: ='Raw data'!M306 -> 동일 | M311: ='Raw data'!P306 -> 자영업, 무관 | N311: ='Raw data'!N306 -> 밝고 긍정적 | O311: ='Raw data'!O306 -> 다정하신분 | P311: ='Raw data'!Q306 -> 0
A312: 310 | B312: ='Raw data'!B307 -> 여 | C312: ='Raw data'!C307 -> 윤서온 | D312: ='Raw data'!F307 -> 35 | E312: ='Raw data'!H307 -> 153 | F312: ='Raw data'!E307 -> 간호조무사 | G312: ='Raw data'!G307 -> 31~41 | H312: ='Raw data'!I307 -> 175~ | I312: ='Raw data'!J307 -> ENTP | J312: ='Raw data'!K307 -> 무관 | K312: ='Raw data'!L307 -> 무교 | L312: ='Raw data'!M307 -> 동일 | M312: ='Raw data'!P307 -> 무관 | N312: ='Raw data'!N307 -> 긍정적인 마인드 밝지만 그안에 진중함이 있는사람 | O312: ='Raw data'!O307 -> 단단한내면 긍정적이고 유연한 마인드 운동등 자기관리를 잘하고 패션센스도 어느정도 있는사람 | P312: ='Raw data'!Q307 -> 0
A313: 311 | B313: ='Raw data'!B308 -> 여 | C313: ='Raw data'!C308 -> 원민영 | D313: ='Raw data'!F308 -> 30 | E313: ='Raw data'!H308 -> 170 | F313: ='Raw data'!E308 -> 공무원 | G313: ='Raw data'!G308 -> 28~34 | H313: ='Raw data'!I308 -> 175~ | I313: ='Raw data'!J308 -> INTP | J313: ='Raw data'!K308 -> 무관 | K313: ='Raw data'!L308 -> 무교 | L313: ='Raw data'!M308 -> 동일 | M313: ='Raw data'!P308 -> 무관 | N313: ='Raw data'!N308 -> 잔잔한 사람 | O313: ='Raw data'!O308 -> 남을 배려하는 사람 | P313: ='Raw data'!Q308 -> 0
A314: 312 | B314: ='Raw data'!B309 -> 남 | C314: ='Raw data'!C309 -> 남대우 | D314: ='Raw data'!F309 -> 35 | E314: ='Raw data'!H309 -> 175 | F314: ='Raw data'!E309 -> 사업 | G314: ='Raw data'!G309 -> 28~34 | H314: ='Raw data'!I309 -> 160~165 | I314: ='Raw data'!J309 -> ISFJ | J314: ='Raw data'!K309 -> ISFP, ISFJ | K314: ='Raw data'!L309 -> 불교 | L314: ='Raw data'!M309 -> 동일, 무관 | M314: ='Raw data'!P309 -> 자영업 | N314: ='Raw data'!N309 -> 솔직한사람 | O314: ='Raw data'!O309 -> 솔직한사람 표현잘하는사람 | P314: ='Raw data'!Q309 -> 상대방 나이대 잘 참고해서 매칭부탁드립니다..
A315: 313 | B315: ='Raw data'!B310 -> 남 | C315: ='Raw data'!C310 -> 이현규 | D315: ='Raw data'!F310 -> 35 | E315: ='Raw data'!H310 -> 176 | F315: ='Raw data'!E310 -> 제약회사 설비기사 | G315: ='Raw data'!G310 -> 28~34 | H315: ='Raw data'!I310 -> 160~1170 | I315: ='Raw data'!J310 -> ISTP | J315: ='Raw data'!K310 -> 무관 | K315: ='Raw data'!L310 -> 천주교 | L315: ='Raw data'!M310 -> 무관 | M315: ='Raw data'!P310 -> 무관 | N315: ='Raw data'!N310 -> 여행을 좋아하고 운동을 좋아하는 사람 | O315: ='Raw data'!O310 -> 밝고 재미난 사람 | P315: ='Raw data'!Q310 -> 0
... A409: 407 | B409: ='Raw data'!B404 -> 0 | C409: ='Raw data'!C404 -> 0 | D409: ='Raw data'!F404 -> 0 | E409: ='Raw data'!H404 -> 0 | F409: ='Raw data'!E404 -> 0 | G409: ='Raw data'!G404 -> 0 | H409: ='Raw data'!I404 -> 0 | I409: ='Raw data'!J404 -> 0 | J409: ='Raw data'!K404 -> 0 | K409: ='Raw data'!L404 -> 0 | L409: ='Raw data'!M404 -> 0 | M409: ='Raw data'!P404 -> 0 | N409: ='Raw data'!N404 -> 0 | O409: ='Raw data'!O404 -> 0 | P409: ='Raw data'!Q404 -> 0

Sheet 인원선정 종합
A1: No. | B1: 상시 | C1: 10일M | D1: 10일A | E1: 16일M | F1: 16일A | G1: 성별 | H1: 이름 | I1: 나이 | J1: 키 | K1: 직업(직장과 파트) | L1: 선호나이 | M1: 선호 키 | N1: MBTI | O1: 선호 MBTI | P1: 종교 | Q1: 상대 - 선호종교 | R1: 비선호 직군 | S1: 간단한 자기소개 | T1: 이상형 | U1: 건의사항
A2: 381 | D2: 1 | G2: 여 | H2: 김지연 | I2: 20 | J2: 155 | K2: 대학생 | L2: 20~27 | M2: 170~ | N2: Istp | O2: 무관 | P2: 무교 | Q2: 무관 | R2: 무관 | S2: 처음엔 어색해서 말도 잘 못걸고 뚝딱거리긴 하지만 조금씩 편해지면 말 많아져요!! | T2: 스스로를 잘 어울리게 꾸밀줄 아는 사람 | U2: 0
A3: 354 | G3: 여 | H3: 테스 | I3: 21 | J3: 162 | K3: 모델 | L3: 20~45 | M3: 160~ | N3: INFP | O3: 무관 | P3: 무교 | Q3: 동일 | R3: 무관 | S3: 프랑스 여자 | T3: 0 | U3: 0
A4: 120 | B4: 1 | G4: 여 | H4: 윤예은 | I4: 23 | J4: 168 | K4: 댄서 | L4: 24~27 | M4: 175~ | N4: ENFP | O4: INFP, INFJ, ENFP, ESFP, ENFJ | P4: 무교, 기독교 | Q4: 동일 | R4: 무관 | S4: 웃음이 많고 밝으면서 매너있고 긍정적인 사람입니다! | T4: 키가 크시고 다정한 성격이랑 말투를 가지신 분을 좋아하고 강아지상에 비흡연자이신분을 좋아합니다! | U4: 이상형에 부합하는 분이 나오셨으면 하는 바람이 있습니다:) ,,!!
A5: 281 | G5: 남 | H5: 김동영 | I5: 24 | J5: 168 | K5: 서울도시가스 / 안전관리 | L5: 24~27 | M5: ~165 | N5: ENFJ | O5: 무관 | P5: 0 | Q5: 무관 | R5: 무관 | S5: 밝고 긍정적인 사람입니다. 웃음이 많고 처음 보는 사람과도 빠르게 친해질 수 있습니다. | T5: 두부상 | U5: 0
A6: 165 | G6: 여 | H6: 장지현 | I6: 25 | J6: 168 | K6: 치과위생사 | L6: 24~31 | M6: 175~ | N6: isfp | O6: ENFJ, ESFJ | P6: 무교 | Q6: 동일 | R6: 자영업 | S6: 낯을 좀 가리지만 친해지면 재밌고 엉뚱한사람 ! | T6: 0 | U6: 0
A7: 373 | B7: 1 | G7: 남 | H7: 남윤모 | I7: 26 | J7: 174 | K7: 외국계회사 공무부 안전관리자 | L7: 24~31 | M7: ~170 | N7: istj | O7: 무관 | P7: 기독교 | Q7: 무관 | R7: 무관 | S7: 신중하고 유쾌한사람 | T7: 활발한사람 | U7: 감사합니다. !
A8: 55 | G8: 남 | H8: 김응혁 | I8: 26 | J8: 175 | K8: 향수매장 직원 | L8: 24~31 | M8: ~165 | N8: istj | O8: 무관 | P8: 무교 | Q8: 무관 | R8: 병원직군 | S8: 솔직한 사람 | T8: 기댈수있는 사람 | U8: 잘부탁드립니다!
A9: 41 | B9: 1 | G9: 여 | H9: 김수경 | I9: 26 | J9: 171 | K9: 보령 제약회사, 학술팀 | L9: 24~34 | M9: 180~ | N9: INTP, ISTP 둘다 나와요 | O9: ISTJ, INTJ, ISFJ, ESFJ, ESTP, ENTJ, ESTJ | P9: 무교 | Q9: 동일 | R9: 자영업 | S9: 처음에는 낯을 가리는데 1:1로 보면 말을 많이 하는 사람인것 같아요〰 털털한 것 같고 사람들을 웃기는 걸 좋아하는데 또 저도 잘 웃는 것 같습니다. 운동을 좋아하고 잘하는 편이에요 | T9: 외적인건 코가 예쁘고 눈이 날카롭지 않은 사람이 좋은 것 같아요. 내적으로는 똑똑하고 지혜롭고 감정기복 없고 성실한 사람이 좋습니다. 잘 웃는 사람도 좋아요! | U9: 0
A10: 307 | B10: 1 | G10: 여 | H10: 박서영 | I10: 26 | J10: 168 | K10: 삼성서울병원 별관동 수술실 | L10: 24~31 | M10: 175~ | N10: ISFJ | O10: 무관 | P10: 무교 | Q10: 동일 | R10: 병원직군 | S10: 밝고 웃음이 많은 사람입니다 ◡̈ | T10: 키 크고 얘기가 잘 통하며 예의바르고 다정다감한 사람 | U10: 0
A11: 305 | B11: 1 | G11: 여 | H11: 박세란 | I11: 26 | J11: 164 | K11: 삼성서울병원 건강의학본부 임상병리사 | L11: 24~31 | M11: 170~ | N11: ISFJ | O11: 무관 | P11: 무교 | Q11: 동일, 무관 | R11: 자영업 | S11: 배려, 차분, 리액션 퀸 | T11: 따뜻, 섬세, 안정형 | U11: 0
A12: 350 | B12: 1 | G12: 여 | H12: 서다솜 | I12: 26 | J12: 164 | K12: 치과위생사 | L12: 24~31 | M12: 175~ | N12: ESFP | O12: INFP, ISFP, ISTP, INFJ, ISTJ, INTJ, ISFJ, ENTP | P12: 무교 | Q12: 동일 | R12: 무관 | S12: 밝고 도전을 좋아하는 사람 | T12: 도전적이고, 자기 할 일에 열정적인 사람 / 나한테만 다정한 사람 | U12: 0
A13: 257 | G13: 여 | H13: 오영경 | I13: 26 | J13: 160 | K13: 회계 공무직 | L13: 28~34 | M13: 175~ | N13: infp | O13: 무관 | P13: 무교 | Q13: 무관 | R13: 공무원 | S13: 조용함
A14: 107 | G14: 여 | H14: 양예림 | I14: 26 | J14: 160 | K14: 치기공사 | L14: 24~31 | M14: 175~180 | N14: Esfp | O14: ESFJ | P14: 무교, 기독교 | Q14: 무관 | R14: 병원직군, 연구직, 회사원 | S14: 재밌고 통통튀는 사람 | T14: 단정하고 구릿빛 피부 웃기고 다정한사람 | U14: 0
A15: 233 | G15: 여 | H15: 허예진 | I15: 26 | J15: 168 | K15: 요양병원 간호사 | L15: 24~31 | M15: 175~ | N15: INTJ | O15: 무관 | P15: 무교 | Q15: 무관 | R15: 자영업 | S15: 친해지면 재밌는 사람 | T15: 정형화 된 것은 없고 서로 얼굴 이미지가 같고 대화가 통하는 사람?? | U15: 0
A16: 20 | G16: 여 | H16: 김나영 | I16: 26 | J16: 161 | K16: (직장)어린이집 교사 | L16: 20~31 | M16: 170~ | N16: isfj | O16: ISFP, ISTP, INFJ, ISTJ, INTJ, ISFJ, ESFP, ENFJ, ESFJ, ENTP, ESTP, ENTJ, ESTJ | P16: 기독교 | Q16: 동일, 무관 | R16: 무관 | S16: 처음 볼 때 낯가림이 있어 조금 뚝닥대고 차가워보일 수 있으나 사람 좋아하고 정이 많음. 집순이, 남사친 X 외적으로 통통한 편.. 빵 좋아하고 작고 귀여운 것들 좋아함. 최애 캐릭터는 짱구,, 입니다. | T16: 담배, 문신 X / 키 175 이상에 직업 있고 자기 일 열심히 하는 사람. 안경은 약간 비선호.. 무쌍이나 얇은 유쌍 선호(아랍 보다는 두부 선호) 마른 체형보다는 조금 덩치가 있는 분 선호(근육질X) | U16: 0
A17: 77 | G17: 여 | H17: 박예령 | I17: 26 | J17: 155 | K17: 간호학과 졸업 후 취업 대기중입니다! | L17: 24~34 | M17: 170~ | N17: ESTP | O17: INFP, ISFP, INFJ, ISTJ, INTJ, ISFJ, ENFP, ESFP, ENFJ, ESFJ, ENTP, ESTP, ENTJ, ESTJ | P17: 무교 | Q17: 무관 | R17: 무관 | S17: 밝고 텐션 높아요! 무던하고 뒤끝없고 즉흥적인 면이 있어요! 특별히 싫어하는 일이 아니면 상대 취미도 함께 해주고 같이 추억만드는걸 좋아해요. 성격은 조금 빠른편인것 같고 자기자신을 꾸미는 것을 좋아합니당 | T17: 외적으로는 뚱뚱하지 않은 체형에 순한 인상이나 반장했을것 같은 반듯한 사람을 좋아합니다! 내적으로는 나를 웃겨줄수 있는 센스와 재치가 있었으면 좋겠어요! 친구같은 연애하는것을 추구하고 연락이나 만남횟수 같은것에 효율따지지 않고 최선을 다하는 연애하는 사람이 좋아요 | U17: 0
A18: 3 | G18: 남 | H18: 강병규 | I18: 27 | J18: 172 | K18: 디스플레이허브 기술파트 | L18: 20~27 | M18: ~165 | N18: ENTJ | O18: 무관 | P18: 기독교 | Q18: 동일, 무관 | R18: 무관 | S18: 항상 긍정적으로 살아가려고 노력하고 굴곡이 맞지 않은 사람 | T18: 베이지가 잘 어울리는 여자 | U18: 0
A19: 174 | G19: 남 | H19: 정지동 | I19: 27 | J19: 172 | K19: 반도체 장비 프로그래머 | L19: 24~27 | M19: ~165 | N19: ESTP | O19: 무관 | P19: 천주교 | Q19: 무관 | R19: 무관 | S19: 현실적이며 이성적이다, 감정의 폭이 크지 않으며 낯을 가리는 편이다. 하지만 좀 친해지면 재밌게 잘 하는 것 같다. 사람이 너무 많으면 말을 잘 못하는 편이며 오히려 소수일수록 편하게 말하는 것 같다. 친할수록 현실적으로 해결책을 같이 고민하며 오히려 낯선 사람은 공감을 잘 해주는 것 같다. | T19: 예의바르고 너무 감정적이지 않으며 반묶음 잘 어울리는분 | U19: 0
A20: 340 | G20: 남 | H20: 이정현 | I20: 27 | J20: 183 | K20: 삼성서울병원/ 보안팀 | L20: 20~31 | M20: ~175 | N20: ISTJ | O20: 무관 | P20: 기독교 | Q20: 무관 | R20: 외적으로는 반묶음 잘 어울리시는 귀여운 사람. 내적으로는 대화 잘 통하고 예의있는 사람! | S20: 0 | T20: 평소엔 조용하지만 편해지면 생각보다 수다스럽고 장난기도 많아요. 꾸준히 운동하면서 스스로를 관리하려고 노력 중입니다. 사람 사이에서는 예의와 배려를 가장 중요하게 생각합니다. | U20: 이번달이 어려우면 다음달도 한 번 참여해보고싶습니다.
A21: 212 | B21: 1 | G21: 여 | H21: 김보영 | I21: 27 | J21: 156 | K21: 삼성서울병원/영상의학과 사무직 | L21: 20~30 | M21: 175~ | N21: ESTJ | O21: 무관 | P21: 무교 | Q21: 동일 | R21: 0 | S21: 저는 스포츠를 좋아해요. 그 중 e스포츠를 가장 좋아합니다! Lck를 사랑하는 사람이에요. 게임을 하는 것도, 보는 것도 좋아합니다. 여행다니는 것도 좋아해요. 이곳저곳 다니면서 힐링을 합니다. 사람이랑 대화하는 것도 좋아해서 새로운 만남이 있으면 좋아합니다. 항상 밝고 낯을 가리지 않는 그런 사람이에요 | T21: 0 | U21: 0
A22: 193 | B22: 1 | G22: 여 | H22: 최윤지 | I22: 27 | J22: 165 | K22: CJ_무대감독 | L22: 24~34 | M22: 175~ | N22: ESTP | O22: ISFP, ESFP, ESFJ | P22: 무교 | Q22: 동일 | R22: 자영업 | S22: 긍정적인 에너지를 가진 사람 술, 담배 안하고 타투 X /운동 헬스 필라테스 병행 중 회사 경력 5년차, 한 곳에 꾸준히 일할 수 있는 인내심 보유 T긴 하지만 애교 많고 리액션 잘하는 다정한 타입이에요 사람들과 대화하고 소통하는 일을 하고 있어서 처음봐도 어색함 없이 대하는 걸 잘해요 어딜가도 적응력이 좋아요 츄 닮았다고 자주 들어요..^,,^ 하하 | T22: 감자상 공룡상, 술,담배,타투 X 운동하고 근육덩치가 있으신 분, 말 예쁘게 하는 사람, 건실한 사람 | U22: 안녕하세요 운영진님 직업에서 직업군인은 피하고 싶어요..! 제가 직업이 방송쪽이라 교대근무여서 교대근무가 괜찮으신 분이면 좋겠습니다 좋은 사람으로 잘부탁드립니다~! 감사해요🩶
A23: 331 | B23: 1 | G23: 여 | H23: 이지현 | I23: 27 | J23: 164 | K23: 보건직 | L23: 28~34 | M23: 175~ | N23: ESFJ | O23: ENTJ제외 | P23: 무교 | Q23: 동일 | R23: 병원직군, 자영업 | S23: 상대에게 잘 맞춰줄 수 있고, 활발하고 다양한 경험을 하는걸 좋아합니다. 스키, 수영, 등산 | T23: 다정다감, 성숙한, 회피형 싫고, 예의바른,
A24: 341 | B24: 1 | G24: 여 | H24: 추수진 | I24: 27 | J24: 167 | K24: 중학교 교사 | L24: 28~31 | M24: 175~180 | N24: ISFP | O24: 무관, ESFP, ESTP | P24: 무교 | Q24: 동일, 무관 | R24: 공무원, 연구직, 회사원 | S24: 밝은 에너지가 있는 건강한 사람 | T24: 175이상 밝은 긍정적인 사람 | U24: 0
A25: 145 | G25: 여 | H25: 이윤선 | I25: 27 | J25: 153 | K25: 간호사 | L25: 28~34 | M25: 170~ | N25: ESFJ | O25: 무관 | P25: 무교 | Q25: 동일 | R25: 무관 | S25: 밝고 배려심있는 따뜻한사람 + 여행을 좋아함 | T25: 듬직하고, 성실하고, 재미있는 사람 + 비흡연자 선호 | U25: 0
A26: 253 | G26: 여 | H26: 구한나 | I26: 27 | J26: 163 | K26: 치위생사 | L26: 28~31 | M26: 170~180 | N26: infj | O26: 무관 | P26: 무교 | Q26: 동일 | R26: 병원직군, 기술직, 공무원, 연구직, 회사원 | S26: 직접 알아보기🥰 | T26: 웃는게 이쁘고 재밌는 사람
A27: 273 | G27: 여 | H27: 김조은 | I27: 27 | J27: 166 | K27: 치과 | L27: 28~31 | M27: 175~ | N27: esfp | O27: 무관 | P27: 무교 | Q27: 무관 | R27: 무관 | S27: 밝고 웃음이많은 긍정적인사람이에요! 밀당을 잘 못하고 마음이 맞다는게 확인되는 순간 직진합니다. 외로움을 잘 타지 않는 스타일이고 상대를 잘 배려하려고 노력하기도합니다. | T27: 남자답고 듬직한사람을 좋아합니다. 외적으로는 마른체형을 가지고계신분은 피하는거같아요! 밝고 유쾌하신분 선호하는거 같습니다:) | U27: 0
A28: 38 | G28: 여 | H28: 김세정 | I28: 27 | J28: 160 | K28: 행사기획자(국제회의) | L28: 28~34 | M28: 175~180 | N28: ISFJ | O28: INFJ, ENFP, ESFJ | P28: 무교 | Q28: 동일 | R28: 무관 | S28: 차분하지만 밝은 사람 | T28: 유머코드, 대화가 잘 통하는 사람, 외모(두부상) | U28: 0
A29: 192 | G29: 여 | H29: 최아현 | I29: 27 | J29: 165 | K29: 대학원생 | L29: 28~34 | M29: 175~ | N29: ESFP | O29: 무관, ISTP, ISTJ, ISFJ, ESTJ | P29: 무교 | Q29: 무관 | R29: 무관 | S29: 밝고 똑부러짐 | T29: 배려심있고 자기관리 하시는 분 | U29: 0
A30: 34 | G30: 여 | H30: 김성연 | I30: 27 | J30: 169 | K30: 광고대행사 마케팅 | L30: 28~34 | M30: 170~ | N30: ESFP | O30: 무관 | P30: 무교 | Q30: 무관 | R30: 무관 | S30: 챙겨주고 챙김받는 거 좋아하는 사람 온전히 집중할 줄 아는사람 밝고 활동적인사람 | T30: 술 많이 좋아하지않고 거짓말하지않는 사람 자기일 잘 하고있고 자격지심없는사람 | U30: 0
A31: 366 | G31: 여 | H31: 임세현 | I31: 27 | J31: 162 | K31: 골든듀에이엠씨 상품관리 | L31: 28~31 | M31: 175~ | N31: ISTP | O31: 무관 | P31: 무교 | Q31: 무관 | R31: 무관 | S31: 첫인상은 조금 조용하다고 느낄수 있으나 친해지면 말도 많고 장난도 많은 편입니다 보통 주말엔 카페가서 여유로운 하루를 보내거나 집에서 OTT 보면서 시간을 보내는 편이예요 사람 만나는 것도 좋아해서 종종 친구들 만나서 수다떨고 놀기도 해요 | T31: 대화하는 걸 좋아해서 티키타카가 잘되는 사람에게 호감을 느끼는 편인 것 같아요 성격은 차분하고 따뜻한 감성적인 성격을 가진 분이 좋아요 | U31: 0
A32: 391 | C32: 1 | G32: 남 | H32: 이원준 | I32: 27 | J32: 180 | K32: 약국(사무직) | L32: 24~31 | M32: 160~165 | N32: INFP | O32: 무관 | P32: 무교 | Q32: 무관 | R32: 무관 | S32: 성실하고 다정한 사람 | T32: 강아지상에 손 예쁘고 쌍커풀 있는 사람 | U32: 0
A33: 286 | G33: 남 | H33: 심국용 | I33: 28 | J33: 187 | K33: SK텔레콤 마케팅 | L33: 20~34 | M33: 165~180 | N33: ESTJ | O33: 무관 | P33: 무교 | Q33: 무관 | R33: 무관 | S33: 다정한. 여유로운. 계획적인. | T33: 0 | U33: 0
A34: 326 | G34: 남 | H34: 정현우 | I34: 28 | J34: 171 | K34: 바리스타 | L34: 28~31 | M34: 160~170 | N34: ISTPT | O34: 무관 | P34: 무교 | Q34: 무관 | R34: 무관 | S34: 친해지면 말많고 장난 많은 사람이지만 진지할땐 진지하고 의지할수 있는 사람 | T34: 0 | U34: 초청
A35: 19 | G35: 남 | H35: 김광민 | I35: 28 | J35: 181 | K35: 회사원(플랫폼업체 영업직) | L35: 28~31 | M35: 160~170 | N35: ISFJ | O35: 무관 | P35: 무교 | Q35: 무관 | R35: 무관 | S35: 상대방에게 웃음을 주는 게 좋고 일상 대화를 하면서 평일에 받았던 스트레스가 풀리기도 합니다 처음에는 어색해하기도 하고 낯도 많이 가리기도 하지만 몇 번 얘기하다 보면 어색함도 풀리고 더 말을 걸고 있기도 합니다 일과 생활이 완벽하게 분리가 되어있어 일할 때는 일만 하고 쉴 때는 절대 일 생각도 안 하고 일 얘기도 안 하고 살아가고 있습니다 취미는 야구를 보러 다니고 주말 아침에 축구를 하러 나가고 있습니다 야구를 같이 보러 다니는 걸 좋아하며 맛있는 음식점이 생각나면 찾아가는것도 좋아합니다 집 데이트와 밖에서 하는 데이트를 한쪽으로 몰리지 않게 하는 걸 좋아합니다 연애 스타일은 주도적인 편은 아닌 거 같고 상대방에게 맞춰주는 편입니다 뭘 하든 대화를 통해 하려고 하며 싸우더라도 대화로 바로 푸는 스타일이며 한번 좋아하기 시작하면 정말 정말 많이 좋아하는 타입입니다 | T35: 안정적이며 대화가 잘 통하는 사람 연상이면 더 좋을거같고 연하는 선호하지 않습니다 | U35: 0
A36: 71 | G36: 남 | H36: 문채영 | I36: 28 | J36: 179 | K36: 모의해커 | L36: 20~27 | M36: ~175 | N36: Isfp | O36: 무관 | P36: 무교 | Q36: 동일 | R36: 0 | S36: 다정하고 알고보면 재밌는 사람?? | T36: 하얗고 고양이상에 꾸미는걸 좋아하는분 | U36: 비흡연자가 좋습니다
A37: 372 | B37: 1 | D37: 1 | G37: 여 | H37: 케리스/하은 | I37: 28 | J37: 174 | K37: 영어 강사 | L37: 28~38 | M37: 175~ | N37: INFJ | O37: 무관 | P37: 무교 | Q37: 무관 | R37: 무관 | S37: 저는 친절하고 솔직한 사람이에요. 요리하고 베이킹하는 걸 좋아해요. 다른 사람들을 행복하게 해주는 걸 좋아하고, 제가 사랑하는 사람들을 위해서라면 뭐든지 다 해요. | T37: 새로운 걸 시도하는 걸 좋아하는 사람이 좋아요. 운동하고 여행하는 것도 좋아했으면 좋겠어요. 배려심 있고 친절하고, 매너가 좋은 사람이면 더 좋아요. | U37: 초청 (5월 10일 15시)
A38: 219 | B38: 1 | G38: 여 | H38: 김세연 | I38: 28 | J38: 171.8 | K38: 분당서울대학교병원 연구간호사 | L38: 28~34 | M38: 175~ | N38: Infj | O38: INFJ, INTJ, ISFJ, ENFJ, ESFJ, ENTP, ENTJ | P38: 기독교 | Q38: 무관 | R38: 병원직군, 자영업 | S38: 낯가림이 있어 사람을 천천히 알아가는 편입니다. 여행을 통해 새로운 음식과 문화를 경험하는 것을 좋아합니다. 또한, 마음에 드는 영화나 책은 여러 번 반복해서 보는 취미가 있습니다. | T38: 마음이 따뜻하고 배려심 있는 분을 선호합니다. 제가 키가 큰 편이라, 저보다 체격이 크고 듬직한 분에게 편안함을 느끼는 것 같습니다. | U38: 0
A39: 220 | B39: 1 | G39: 여 | H39: 서동연 | I39: 28 | J39: 168 | K39: 삼성서울병원 병리과 | L39: 24~34 | M39: 170~ | N39: ISFJ | O39: 무관 | P39: 무교 | Q39: 무관 | R39: 무관 | S39: 처음엔 좀 낯을 가리긴 하는데 금방 또 잘 어울리기도 하고 내 사람이다 싶으면 한 없이 퍼주는 성격입니다! 진중한 면이 있으면서도 장난끼많아서 같이 있으면 편하고 속얘기를 다 털어놓게 되는 사람인 것 같아요 | T39: 유머코드가 잘 맞고 제가 걱정이 좀 많은 편이라 상대방은 기복이 심하지 않고 무던한 성격이 좋아요! | U39: 같은과(병리과)는 안겹치게 해주세요 !!!
A40: 221 | B40: 1 | G40: 여 | H40: 김수민 | I40: 28 | J40: 169 | K40: CRA (Clinical Research Associate, 신약개발 임상운영본부, CRO) | L40: 28~38 | M40: 175~ | N40: ESTP | O40: ISFP, INTP, ISTP, ISTJ, INTJ, ISFJ, ESFP, ESFJ, ENTP, ESTP, ENTJ, ESTJ | P40: 무교, 천주교 | Q40: 무관 | R40: 자영업, 공무원 | S40: 밝고 솔직한 성격입니당 | T40: 다정하고 대화할 때 재밌는 사람이었으면 좋겠어요. 하얗고 I인 수줍음 많은 남자 | U40: 0
A41: 320 | B41: 1 | G41: 여 | H41: 박혜민 | I41: 28 | J41: 169 | K41: 한국인삼공사/전략기획팀 | L41: 28~34 | M41: 175~ | N41: ENTJ | O41: INFP, INTP, INFJ, ISTJ, INTJ, ENFJ, ENTP, ENTJ, ESTJ | P41: 무교 | Q41: 무관 | R41: 무관 | S41: 깔끔한 두부상에 자기관리 열심히 하려고 노력하고 웃는게 이쁨. 미래지향적으로 자격증이나 공부, 독서를 꾸준히 하고 운동도 즐겨하는 편 ! (헬스, 플라테스, 러닝, 등산 등) | T41: 깔끔한 인상에 자기관리 잘하고 웃는게 이쁜 사람. 운동 꾸준히 하고 피부를 잘 가꾸는 사람. | U41: 0
A42: 256 | G42: 여 | H42: 홍세빈 | I42: 28 | J42: 162 | K42: 보령제약, 학술팀 | L42: 28~34 | M42: 175~ | N42: ISTJ | O42: INFP, ISFP, INFJ, ISFJ, ENFP, ESFP, ENFJ, ESFJ | P42: 무교 | Q42: 무관 | R42: 무관 | S42: 안녕하세요! 날씨도 따뜻해지면서 새로운 사람들을 만나고 싶어 지원하게 되었습니다 간단히 소개하자면 저는 외적인 부분은 무쌍에 계란형 얼굴을 가지고 있고요 키는 162에 슬림한 체격을 가지고 있습니다 성격은 처음에는 낯을 가리지만 친해지면 장난도 많이 치는 성격인 것 같아요 그래서 주변 지인들은 첫인상과 다른 반전 매력을 가지고 있다고 합니다! 조용한 성격이지만 활발하게 활동하는거 좋아해서 주말에는 항상 자주 나가는 편입니다 그리고 상대방울 항상 배려하려는 마음가짐을 가지고 있습니다! | T42: 저의 이상형은 외적인 부분에서는 강아지상을 좋아하고 제가 무쌍이라 쌍커풀이 있는 눈을 좋아합니다 또 평소에는 활발하지만 또 한편으로는 진지한 성격을 좋아하고 예의바르고 항상 배려할 줄 아는 마음이 따뜻한 사람을 좋아합니다
A43: 274 | G43: 여 | H43: 김효정 | I43: 28 | J43: 156 | K43: 학교 영양사 | L43: 28~34 | M43: 170~180 | N43: ESTJ | O43: 무관, ISFJ, ESFJ | P43: 기독교 | Q43: 무관 | R43: 무관 | S43: 밝고 웃음이 많아서 어디에나 잘 어울리는 사람 | T43: 자기관리 잘하면서 성실하고 다정한사람 | U43: 0
A44: 214 | G44: 여 | H44: 고도연 | I44: 28 | J44: 158 | K44: 삼성서울병원, 신생아중환자실 간호사 | L44: 25~35 | M44: 175~185 | N44: Istp | O44: INTJ, INTP, INFJ, ISTJ, ISTP, ISFJ, ISFP, ENTJ, ENTP, ENFJ, ESTJ, ESTP, ESFJ, ESFP | P44: 무교 | Q44: 동일 | R44: 0 | S44: 안녕하세요! 저는 올해로 4년차 직장인이 된 고도연입니다. 베이킹에 관심은 많지만 1인 가구의 특성상 빵을 만들기는 어려운 현실입니다•• 매번 눈여겨 보고 있던 케미스트리 오븐을 통해 사람들과 두쫀쿠를 만들며 1월 행복하게 마무리 해보고 싶습니다 ☺️ •• 겉으로는 바삭 딱딱해보이지만 속은 부드럽(?)답니다. 긍정적이고 웃음이 많고 여러 사람과 어울리는 것을 잘합니다 :) | T44: 0 | U44: 0
A45: 90 | G45: 여 | H45: 서다빈 | I45: 28 | J45: 158 | K45: 사회복지사(장애인 자립생활센터) | L45: 24~34 | M45: 175~ | N45: INT(F)P | O45: 무관, ESFJ | P45: 기독교 | Q45: 동일 | R45: 병원직군, 기술직, 공무원, 연구직, 회사원, 무관 | S45: 귀여운 사람 | T45: 쩝쩝거리지 않고 주먹으로 젓가락질 하지 않는 사람 | U45: 0
A46: 170 | G46: 여 | H46: 정린 | I46: 28 | J46: 160 | K46: 건설업 (건축감리-대리) | L46: 28~34 | M46: 180~ | N46: INFJ | O46: INFJ, ISFJ, ENFJ, ESFJ | P46: 무교 | Q46: 동일 | R46: 무관 | S46: 밝고 차분한 사람, 성실하고 자기관리 열씸히하는 빵순이+집순이 | T46: 무쌍 강아지상 자기관리 잘하는 | U46: 0
A47: 72 | G47: 여 | H47: 문채영 | I47: 28 | J47: 162 | K47: 강동성심병원 간호사 | L47: 28~34 | M47: 170~ | N47: ISFP | O47: 무관 | P47: 천주교 | Q47: 동일 | R47: 병원직군 | S47: 선하고 단단한 사람 | T47: 섬세하고 유머있는 분 | U47: 종교는 기독교만 아니면 괜찮습니다
A48: 191 | G48: 여 | H48: 최수지 | I48: 28 | J48: 167 | K48: 삼성전자/반도체연구소연구원 | L48: 24~34 | M48: 170~ | N48: ISFJ | O48: ISFP, ISTJ, ISFJ, ESFP, ESFJ, ESTJ | P48: 무교 | Q48: 무관 | R48: 자영업, 무관 | S48: 차가워보이는 고양이지만 친해지면 긍정적이고 웃음이 많음 | T48: 강아지상의 공대오빠..? 안경이 잘어울리고 댄디한 사람..! (니트셔츠 잘어울리는사람)다정한사람!! | U48: 0
A49: 201 | G49: 여 | H49: 한민희 | I49: 28 | J49: 162 | K49: 한의원 원무직원 | L49: 28~34 | M49: 170~ | N49: esfj | O49: 무관 | P49: 무교 | Q49: 무관 | R49: 무관 | S49: 자가관리 잘하려고 노력하며 긍정적인 운 좋은 사람 | T49: 웃는거 이쁜 사람 청결한 사람 예의있는 사람 배울점 많은 사람 | U49: 0
A50: 348 | G50: 여 | H50: 천현정 | I50: 28 | J50: 163 | K50: 간호사 | L50: 28~31 | M50: 175~ | N50: ESFJ | O50: 무관, INFJ, ISFJ, ENFJ, ESFJ | P50: 무교 | Q50: 동일 | R50: 자영업, 공무원 | S50: 밝고 사람과 함께하는걸 좋아하는 사람입니다. 자기관리 잘하며 프리패스 며느리상.. | T50: 자기관리 하는사람, 성실한 사람, 훈훈한 외모 | U50: 작년부터 병동 선생님들의 추천으로 하고싶었는데 듀티가 나오지 않아 지원하지 못했습니다. 이번 기회에 참여해보고 싶습니다ㅎㅎ
A51: 389 | D51: 1 | G51: 여 | H51: 박선아 | I51: 28 | J51: 163 | K51: 대학병원(수원)간호사 | L51: 28~31 | M51: 175~180 | N51: INFJ/ENFJ | O51: ISFJ, ENFJ, ESFJ, ESTJ | P51: 무교 | Q51: 동일 | R51: 병원직군, 자영업, 공무원 | S51: 처음엔 낯가리지만 친해지면 장난치는 걸 좋아하고 때론 진지한 대화를 나누며 깊은 생각들을 나누는 걸 좋아하는 사람 | T51: 친구같이 장난스러우면서도 다정하고 배려가 많은 사람 | U51: 0
A52: 222 | B52: 1 | G52: 남 | H52: 송신욱 | I52: 29 | J52: 174 | K52: 영업직 | L52: 28~34 | M52: ~160 | N52: Estj | O52: 무관 | P52: 무교 | Q52: 동일 | R52: 무관 | S52: 도전적이고 현실적임 | T52: 상대방을 존중해주는 사람 | U52: 0
A53: 236 | B53: 1 | G53: 남 | H53: 김용재 | I53: 29 | J53: 166 | K53: 엔지니어 | L53: 24~34 | M53: ~170 | N53: INTP | O53: 무관 | P53: 무교 | Q53: 무관 | R53: 0 | S53: 좋은사람😄 | T53: 0 | U53: 0
A54: 240 | B54: 1 | G54: 남 | H54: 김성중 | I54: 29 | J54: 175 | K54: 서울도시가스 (기술직) | L54: 24~27 | M54: ~165 | N54: ESTJ | O54: 무관 | P54: 무교 | Q54: 무관 | R54: 무관 | S54: 현실적이고 이상적이며 열심히 살고있는 개미에요 | T54: 애교 많고 청순한 스타일 | U54: 0
A55: 297 | B55: 1 | G55: 남 | H55: 최봄 | I55: 29 | J55: 174 | K55: 영상의학과 방사선사 | L55: 20~31 | M55: 무관 | N55: INFJ | O55: 무관 | P55: 무교 | Q55: 무관 | R55: 병원직군 | S55: 섬세하고 대화를 좋아하는 사람 | T55: 티키타카가 잘 되는 사람 | U55: 나이가 비슷했으면 좋겠습니다.
A56: 355 | B56: 1 | G56: 남 | H56: 정건호 | I56: 29 | J56: 179 | K56: 기아 생산직 | L56: 24~31 | M56: 160~170 | N56: INTJ/INFJ | O56: INFP, INTP, INFJ, INTJ, ENFP, ENFJ, ENTP, ENFJ, ENTP, ESTP, ENTJ | P56: 무교 | Q56: 동일 | R56: 무관 | S56: 차분한 내향적인 꾸준한 | T56: 밝고 무던한 에너지 넘치는 | U56: 0
A57: 316 | G57: 남 | H57: 강희문 | I57: 29 | J57: 177 | K57: 차량손해사정사 | L57: 24~31 | M57: 160~165 | N57: ISTP | O57: 무관 | P57: 무교 | Q57: 무관 | R57: 무관 | S57: 감정 변화가 크지 않고 내 사람한테 다정함 | T57: 단발 | U57: 0
A58: 267 | G58: 남 | H58: 강문주 | I58: 29 | J58: 171 | K58: 생산직 | L58: 20~34 | M58: ~165 | N58: istp | O58: 무관 | P58: 무교 | Q58: 무관 | R58: 무관 | S58: 맑고 투명한사람 | T58: 말이쁘게 하는사람 | U58: 0
A59: 125 | G59: 남 | H59: 이대근 | I59: 29 | J59: 174 | K59: 건설업 관리자 | L59: 28~31 | M59: ~165 | N59: ISFP | O59: ISFP, ESFJ | P59: 무교 | Q59: 무관 | R59: 무관 | S59: 처음에 낯을 많이 가리지만 친해지면 리액션도 많고 잘 웃는 사람입니다. | T59: 청순하고 귀여운사람. | U59: 0
A60: 146 | G60: 남 | H60: 이은규 | I60: 29 | J60: 160.1 | K60: 에어컨설치, 판매(개인사업자) | L60: 24~34 | M60: 무관 | N60: ENTP | O60: 무관 | P60: 무교 | Q60: 동일 | R60: 무관 | S60: 성격이 둥글둥글 하고 감정기복이 거의없음 | T60: 테토녀 | U60: 0
A61: 363 | G61: 남 | H61: 진수환 | I61: 29 | J61: 173 | K61: 서비스 기획자(위드시스템, 기획팀) | L61: 24~31 | M61: ~170 | N61: ENFJ | O61: 무관 | P61: 무교 | Q61: 본인과 동일 | R61: 무관 | S61: 활동적이고 긍정적인 사람, 감정기복이 적고 공감을 잘 하여 편안하고 듬직하다는 말을 많이 듣습니다. | T61: 비흡연자, 피부 하얗고 귀여운 스타일, 뚱뚱하지 않은 체형, 예의바르고 표현 잘 하는 사람 | U61: 이번주 4/18일 일정 제외하고는 가능할 것 같습니다.
A62: 333 | B62: 1 | G62: 여 | H62: 김예성 | I62: 29 | J62: 157 | K62: 외국계 / 영업관리팀 | L62: 28~34 | M62: 170~ | N62: ENFP | O62: INFP, INTP, INFJ, ISFJ, ENFP, ESFP, ENFJ, ESFJ, ENTP, ENTJ | P62: 불교 | Q62: 무관 | R62: 무관 | S62: 발랄하다는 얘길 많이 듣습니다 . 도전적이고 궁금증도 많아서 새로운 걸 시도/체험하는 걸 좋아해요. | T62: 스타일 좋은 사람 센스 있는 사람 | U62: 초대 감사합니다 ☺️
A63: 144 | B63: 1 | G63: 여 | H63: 이유민 | I63: 29 | J63: 165 | K63: 공무원 | L63: 31~34 | M63: 175~ | N63: Isfj | O63: 무관 | P63: 무교 | Q63: 무관 | R63: 회사원 | S63: 다정하고 밝은 귀여운 사람! | T63: 다정하고 섬세하고 집돌이에 헬스가 취미인 사람, 흡연x | U63: 너무 나이차이가 많이나지 않았으면 좋겠어요
A64: 369 | B64: 1 | G64: 여 | H64: 조소영 | I64: 29 | J64: 154 | K64: 간호사(삼성서울병원) | L64: 24~31 | M64: 170~ | N64: esfp | O64: 무관 | P64: 무교 | Q64: 무관 | R64: 무관 | S64: 밝고 긍정적인 편이다 | T64: 다정한사람 | U64: 0
A65: 301 | B65: 1 | G65: 여 | H65: 김길원 | I65: 29 | J65: 161 | K65: 삼성서울병원 중환자실 | L65: 28~34 | M65: 170~ | N65: ENFP | O65: INTJ, ENTJ | P65: 무교 | Q65: 무관 | R65: 무관 | S65: 제 가장 큰 장점은 유연함입니다. 또 세상에 호기심이 많고 긍정적인 편입니다. 그래서 주변과 잘 어울립니다. 저는 글보다 직접 보는게 더 나은 사람이라고 생각해요. 잘 부탁드립니다 ㅎㅎ | T65: 어느정도 자기관리 되어 있는 똑 부러지는 사람. 책임감있는 사람. Entj Intj 극극선호합니다. | U65: 잘 부탁드립니다. 저번에 참여하지 못했는데 이번에는 기회주시면 책임감 가지고 꼭 참여하겠습니다.
A66: 16 | G66: 여 | H66: 김가현 | I66: 29 | J66: 160 | K66: 간호사 | L66: 24~31 | M66: 170~180 | N66: INFP | O66: 무관 | P66: 무교 | Q66: 동일 | R66: 무관 | S66: 잘 웃고 상대방을 배려하는 사람 | T66: 귀엽고 다정다감한 사람 + 비흡연자 | U66: 0
A67: 93 | G67: 여 | H67: 성은진 | I67: 29 | J67: 162 | K67: 대학병원 의료기사 | L67: 28~34 | M67: 175~ | N67: ESFJ | O67: 무관 | P67: 무교, 천주교 | Q67: 무관 | R67: 무관 | S67: 자기관리를 잘하고 성격은 밝고 긍정적이며 책임감 있고 배려심 많음 | T67: 다정하고 배려심 많으며 배울 점이 많고 안정감이 드는 사람 | U67: 잘부탁드립니다!!!
A68: 127 | G68: 여 | H68: 이두희 | I68: 29 | J68: 162 | K68: 법무법인 송무팀 | L68: 28~34 | M68: 175~ | N68: ESFJ | O68: 무관 | P68: 무교 | Q68: 무관 | R68: 무관 | S68: 안녕하세요! 저는 제 삶을 긍정적으로 채워나가려 노력하고 있습니다! 운동을 통해 에너지를 채우는 것도 제 소중한 일과 중 하나입니다. 제가 생각하는 제 장점은 '다정함, 꾸준함'이에요. 스스로를 아끼는 만큼 인연에게도 따뜻한 관심을 표현하고, 사소한 대화 속에서도 즐거움을 찾아내는 편입니다. | T68: 서로의 성장을 응원하면서도, 쉴 때는 누구보다 다정하게 쉴 수 있는 그런 따뜻한 인연을 기다려요! 연락 문제로 불안하게 하지 않고, 변덕스럽지 않은 사람이 좋고, 비흡연자를 선호합니다! | U68: 0
A69: 21 | G69: 여 | H69: 김다슬 | I69: 29 | J69: 164 | K69: 신라스테이 경영지원 | L69: 31~34 | M69: 175~ | N69: estj/ estp | O69: 무관, INFP, ISFP, INFJ, ISFJ, ENFP, ESFP, ENFJ, ESFJ | P69: 무교 | Q69: 동일, 무관 | R69: 병원직군, 공무원 | S69: 외관상 도도해보여 다가가기 어려워보이나 내면은 순딩순딩 친해지면 첫인상과 전혀 다른 마음 따뜻한 사람 | T69: 키큰 강아지상 | U69: 0
A70: 99 | G70: 여 | H70: 송아현 | I70: 29 | J70: 172 | K70: 자산운용사 | L70: 31~38 | M70: 175~ | N70: INTJ | O70: ENFJ, ESFJ, ENTJ, ESTJ | P70: 무교 | Q70: 무관 | R70: 공무원 | S70: 차분하고 열심히 사는 사람 | T70: 예의바르고 열심히 사는 사람 | U70: 0
A71: 210 | G71: 여 | H71: 여채원 | I71: 29 | J71: 164 | K71: 삼성서울병원 관리파트 | L71: 31~34 | M71: 170~ | N71: Infp | O71: 무관, INTJ, ISTJ, ENTJ | P71: 천주교 | Q71: 무관 | R71: 자영업, 공무원 | S71: 조용한 편이지만, 마음이 열리면 생각보다 잘 웃고 많이 이야기해요. 일상에서는 차분하게 제 할 일을 해나가고, 퇴근 후나 주말엔 그림을 그리거나 작은 취향을 즐기며 쉬는 걸 좋아해요. 빠른 템포보다는 천천히 알아가면서 신뢰가 쌓이는 관계를 선호해요. 말을 잘 들어주는 사람, 서로의 세계를 존중해줄 수 있는 사람과 잘 맞아요. 가까워지면 의외로 잘 웃고 대화가 깊어요. 감정에 휘둘리기보다는, 스스로를 돌아보며 관계를 지키려는 편이에요. 혼자만의 시간도 소중히 여기지만, 소중한 사람에게는 진심으로 집중해요. 작은 취향과 일상을 꾸준히 가꿀 줄 알고, 좋아하는 걸 오래 좋아해요. 말보다 행동이 먼저 나가는 타입이라 신뢰를 중요하게 생각해요. 소소한 대화부터 깊은 이야기까지 자연스럽게 나눌 수 있는 인연을 기대하고 있어요 | T71: 겉모습은 감자처럼 귀엽게 생긴 사람이면 좋겠어요. 과하게 꾸미지 않아도 호감 가는 인상인데, 알고 보면 자기관리는 꾸준히 하는 사람. 성격은 연인이라기보다 가장 친한 친구 같은 사람이 좋아요. 눈치 보지 않고 모든 걸 터놓고 이야기할 수 있고, 웃긴 얘기도 진지한 얘기도 자연스럽게 오가는 사이요. 무엇보다 가식 없이 진솔한 사람, 감정을 숨기기보다 말로 풀 줄 아는 사람이면 좋겠어요. 편안하지만 가볍지 않은 관계를 함께 만들 수 있는 사람을 찾고 있어요. | U71: 무
A72: 223 | G72: 여 | H72: 노경빈 | I72: 29 | J72: 174 | K72: 회사원(산업보건) | L72: 28~34 | M72: 180~ | N72: ISTJ | O72: 무관, ISFP, ISFJ, ESFP, ESFJ | P72: 무교 | Q72: 동일 | R72: 자영업 | S72: 낯가림은 있지만 잘 웃는 스타일 | T72: 대화가 잘 통하는 사람 | U72: 0
A73: 147 | G73: 여 | H73: 이은지 | I73: 29 | J73: 159.9 | K73: 회사원/사무직 | L73: 28~34 | M73: 0 | N73: ISTP | O73: ISTJ, ISFJ, ENFJ, ESFJ, ENTJ, ESTJ | P73: 무교 | Q73: 동일 | R73: 0 | S73: 밝고 행복한 사람>< | T73: 0 | U73: 0
A74: 349 | G74: 여 | H74: 정유진 | I74: 29 | J74: 169 | K74: 간호사, 병동간호2팀, 18W병동 | L74: 28~34 | M74: 175~ | N74: ISFJ | O74: 무관 | P74: 무교 | Q74: 동일 | R74: 무관 | S74: 저는 22년도에 삼성서울병원에 입사해서 지금 5년차가 되어가고있는 18W병동 간호사입니다. 그동안 3년간의 연애를 총 2번 했던 경험이 있고, 간호학과 특성상 아는 남자도 없고 직장에도 없다보니 사람 만날 기회가 적어서 신청하게되었습니다. 제가 약간 집순이라 쉴때 약속이 없다면 보통 집에서 넷플보거나 집청소, 심심하면 베이킹할때도 있고, 그외에는 가끔씩 친구들 만나서 맛있는거 먹고 쇼핑하고 수다떨고 하는걸 좋아합니다. 강아지나 고양이같은 귀여운것들을 좋아하고 노래듣는것도 좋아합니다(jpop- official higedandism, 국내 밴드 - xdinary heros, day6, 하현상, 한로로, 여자 아이돌 노래 등). 저는 재수를 한번 하긴 했지만 그외는 큰 탈 없이 무난하게 자라왔다고 생각하고, 요즘 사회에 참 이상한 사람들이 많지만 그럼에도 좋은 사람은 있다고 생각하는.. 나름 해맑은(?) 사람입니다. 병동에서 일할때도 가끔 저희한테 뭐먹었냐 물어보며 먹을거 챙겨주시거나 하는 귀여운 어르신들보면 괜히 그게 소소하게 좋더라구요. 가끔 쌤들이랑 수다떨거나 하는 그런 재미에 힘들어도 지금껏 다니는것같아요. 친한 친구들이랑도 두쫀쿠, 버터떡 맛있다 이런얘기하고다니는 사람이라ㅋㅋ그냥 별거 아닌 일에 잘 웃고 재밌어해요. 저와 비슷한 결의, 같이 얘기할때 티키타카 잘되는 사람을 만나고 싶어요. | T74: 175cm 이상의 적정 체중으로, 선한 인상과 깔끔한 옷차림의 사람을 좋아합니다. 타인과 약자에게 다정하고, 긍 정적이고 여유로운 태도로 크게 호불호 없는 무탈한사람이 제 이상형입니다. 제가 교대근무를 하다보니 일할때 연락을 솔직히 잘 못하게되는데 그걸 이해해주고, 같이 맞춰나갈 배려심있는 사람이였으면 합니다. 본인의 능력을 과시하기보다 겸손하고, 혼자서도 독립적이지만 함께 했을때 별거 아닌걸로도 웃으면서 소소한 행복을 같이 즐길 수 있는 사람이면 합니다. | U74: 0
A75: 357 | G75: 여 | H75: 김어진 | I75: 29 | J75: 158 | K75: 삼성서울병원 외래간호 | L75: 25~40 | M75: 170~ | N75: INFP | O75: 무관 | P75: 무관 | Q75: 무교 | R75: 0 | S75: 무관 | T75: 안녕하세요 삼성서울병원 외래간호팀에서 근무하는 김어진입니다./ 성격이 좋습니다. 피부가 하얗고 좋아요 | U75: 0
A76: 388 | E76: 1 | F76: 1 | G76: 여 | H76: Liv | I76: 29 | J76: 155 | K76: 헤어&메이크업 아티스트 | L76: 28~31 | M76: 175~180 | N76: INFP | O76: ENFP | P76: 무교 | Q76: 무관 | R76: 무관 | S76: 다정하고 잘 웃고 새로운 곳 탐험하는걸 좋아하는 사람 | T76: 나랑 비슷한 사람, 착하고 재미있는 사람인데 나보다 더 외향적이야 | U76: 초청
A77: 330 | G77: 남 | H77: 권경준 | I77: 30 | J77: 171 | K77: 회사원 | L77: 24~31 | M77: ~165 | N77: ENTP | O77: 무관 | P77: 무교 | Q77: 무관 | R77: 병원직군 | S77: 적당히 맞춰줄 수 있는 사람 | T77: 귀여우면 됩니다 | U77: 잘부탁드려요
A78: 334 | G78: 남 | H78: 이재형 | I78: 30 | J78: 170 | K78: 에스원, FM파트 | L78: 24~31 | M78: 무관 | N78: ENFP | O78: 무관 | P78: 무교 | Q78: 무관 | R78: 무관 | S78: 도전적인 사람 | T78: 0 | U78: 0
A79: 335 | G79: 남 | H79: 이준호 | I79: 30 | J79: 184 | K79: 연구소, 연구원 | L79: 24~31 | M79: 160~180 | N79: ENFJ | O79: 무관, INFP, ISFP | P79: 천주교 | Q79: 무관 | R79: 무관 | S79: 낭만적인것 좋아고 배우는 활동에 진심인 사람 | T79: 회피하지 않고 해결하고자하는 자세가 먼저 인 사람, 여유러운 일상생활을 즐길 수 있는 분 | U79: 0
A80: 57 | G80: 남 | H80: 김준수 | I80: 30 | J80: 173 | K80: 체육관관장 | L80: 24~31 | M80: ~170 | N80: ENFP | O80: 무관 | P80: 무교 | Q80: 무관 | R80: 무관 | S80: 재치있고 유머러스함.편하다는 소리를 자주 들음 | T80: 귀엽고 나를 잘 이해해주고 공감해주는사람 | U80: 0
A81: 126 | G81: 남 | H81: 이동연 | I81: 30 | J81: 165 | K81: 레이저장비회사, sw프로그래머 | L81: 28~34 | M81: 무관 | N81: ISTJ | O81: 무관 | P81: 무교 | Q81: 무관 | R81: 무관 | S81: 잘 배려해주는 사람 | T81: 잘 배려해주는 사람 | U81: 0
A82: 183 | G82: 남 | H82: 조준형 | I82: 30 | J82: 178 | K82: 개인사업자 | L82: 20~27 | M82: 160~170 | N82: ENTP | O82: 무관 | P82: 기독교 | Q82: 무관 | R82: 무관 | S82: 저는 인연이 나타나길 기다리던 사람 이였지만... 나타나질 않아 이제는 직접 찾아다니는 사람입니다ㅠㅠ 대화를 나누는걸 좋아하고, 활동적이지만 차분한 느낌이 있는 사람입니다. 또, 하나에 꽂히면 직진하는 스타일로 소소한 취미활동도 좋아하고, 퇴근하면 어떠한 재밌는걸 할까?? 라는 고민을 가장 많이 하는 사람으로 하루를 재밌게 보내려고 많은 노력을 합니다. 그래서 얼른 연애를 해서 공유하고 더 재밌는 하루를 보내고 싶습니다..! | T82: 자기관리 잘 하며, 말 이쁘게 하는사람 단발머리가 잘 어울리고 같이 웃을 수 있는 사람 | U82: 잘 부탁 드립니다
A83: 356 | G83: 남 | H83: 정재우 | I83: 30 | J83: 182 | K83: 건국대학교 교직원 | L83: 24~34 | M83: ~175 | N83: ENFP | O83: 무관 | P83: 천주교 | Q83: 무관 | R83: 이야기를 같이 나누고 친해질수록 더 재미있고 매력을 많이 확인할 수 있습니다. | S83: 무관 | T83: 안녕하세요 내향적이지만 내사람한테는 재미있고 유머있는 밝은 성격입니다. 좋은 분과 맛있는 베이킹 하고싶어 나왔습니다. 잘 부탁드립니다. | U83: 0
A84: 311 | B84: 1 | G84: 여 | H84: 원민영 | I84: 30 | J84: 170 | K84: 공무원 | L84: 28~34 | M84: 175~ | N84: INTP | O84: 무관 | P84: 무교 | Q84: 동일 | R84: 무관 | S84: 잔잔한 사람 | T84: 남을 배려하는 사람 | U84: 0
A85: 344 | B85: 1 | G85: 여 | H85: 정민희 | I85: 30 | J85: 169 | K85: 영어 강사 | L85: 31~34 | M85: 180~ | N85: ENFJ | O85: 무관 | P85: 무교 | Q85: 무관 | R85: 자영업, 공무원 | S85: 밝고 외향적이며 매사에 성실히 임하는 사람입니다 :) 서로를 배려하며 즐거운 대화를 나눌 수 있는 상대방을 찾고 있어요 | T85: 키가 크고 선하게 생긴 사람(+학벌이 좋은 사람) | U85: 우연히 인스타그램에서 보고 다음 기수 모집시 연락 받고 싶어서 지원서 남깁니다! 아쉽게도 이번 4월은 개인 일정상 참여가 어렵지만 5월 기수나 이 다음 행사에 참여하고 싶어요 :) 감사합니다.
A86: 70 | G86: 여 | H86: 문지호 | I86: 30 | J86: 165 | K86: 삼성서울병원/ 신경외과 병동 | L86: 28~34 | M86: 170~ | N86: ESFJ | O86: 무관, ISTJ, ESFP, ESFJ, ESTJ | P86: 무교 | Q86: 무관 | R86: 무관 | S86: 활동적인 것에 관심이 많은 사람/데이트 할 때 제안하는 것도 좋아하고 제안을 받는 것도 좋아하는 편인 것 같습니다 | T86: 피지컬이 좋고 성격이 좋은 사람 | U86: 0
A87: 260 | G87: 여 | H87: 김지운 | I87: 30 | J87: 156 | K87: 의료직 | L87: 28~31 | M87: 175~180 | N87: INFP or INTP | O87: 무관 | P87: 무교 | Q87: 무관 | R87: 무관 | S87: 착하고 리액션 잘함, 장난도 적당히 선 안 넘게 치고 티키타카 웬만하면 잘 됨 | T87: 빠른 눈치와 기본 도덕성과 인성이 있는 사람, 외적으로는 적당히 자기관리 하고 눈이 작지 않고 피부 깨끗한 사람 | U87: 저 다른 어플에서 사진으로 많이 속아서 현타왔어요... 살려주세요.....
A88: 26 | G88: 여 | H88: 김민정 | I88: 30 | J88: 155 | K88: 어린이집/보육교사 | L88: 28~34 | M88: 170~180 | N88: ISTJ | O88: 무관 | P88: 무교 | Q88: 동일 | R88: 자영업 | S88: 안녕하세요. 아이들을 가르치는 일을 하고 있고, 성실하게 하루하루 보내려고 노력하는 편입니다. 아침 수영으로 하루를 시작하는 걸 좋아합니다. 대화가 편하고 서로 배려할 수 있는 분을 만나면 좋겠습니다. | T88: 다정한사람 | U88: 0
A89: 151 | G89: 여 | H89: 이진미 | I89: 30 | J89: 155 | K89: 현대카드 영업지원 | L89: 31~38 | M89: 170~180 | N89: ESFJ | O89: 무관 | P89: 무교 | Q89: 무관 | R89: 회사원, 무관 | S89: 밝고 다정다감한 테토녀 | T89: 표현 잘하고 말을 이쁘게 하는 테토남 | U89: 0
A90: 237 | G90: 여 | H90: 김다은 | I90: 30 | J90: 158 | K90: 서울시 공무원 | L90: 31~34 | M90: 170~180 | N90: Isfj | O90: 무관 | P90: 무교 | Q90: 동일 | R90: 0 | S90: 차분한 사람..? | T90: 0 | U90: 0
A91: 142 | G91: 여 | H91: 이유경 | I91: 30 | J91: 158 | K91: 유아특수교사 | L91: 31~34 | M91: 175~ | N91: infj | O91: 무관 | P91: 무교 | Q91: 동일 | R91: 기술직, 자영업 | S91: 배려심깊고 다정한사람 | T91: 개그코드가 맞고 배울점이 많은 사람 | U91: 0
A92: 33 | G92: 여 | H92: 김상아 | I92: 30 | J92: 158 | K92: 필라테스 협회 교육강사 | L92: 31~38 | M92: 175~ | N92: esfp | O92: INFP, ISFP, INFJ, INTJ, ISFJ, ENFJ, ESFJ, ENTJ, ESTJ | P92: 기독교 | Q92: 무관 | R92: 무관 | S92: 분위기가 밝고 따뜻한사람 | T92: 회피형 아니고 대화 잘되는 분, 안정적인 사람 | U92: 0
A93: 133 | G93: 여 | H93: 이선해 | I93: 30 | J93: 160 | K93: 최근 퇴사하고 이직준비중 - 전직장 (작업치료사) | L93: 28~34 | M93: 175~ | N93: ESTJ | O93: 무관 | P93: 무교 | Q93: 동일 | R93: 무관 | S93: 차분하고 솔직한 성격 | T93: 차분한 너드남 | U93: 0
A94: 184 | G94: 여 | H94: 지연희 | I94: 30 | J94: 163 | K94: 대기업 IT / UX기획 | L94: 28~34 | M94: 170~180 | N94: ISFJ | O94: 무관 | P94: 무교 | Q94: 동일 | R94: 기술직, 자영업 | S94: 처음엔 낯을 좀 가리지만 친해지면 장난기 있는 성격. 잘 웃고 긍정적이려고 노력합니다. 리액션이 좋다는 말을 많이 들어요 | T94: 재미있고 듬직한 사람. 좀 활동적인 분이 좋습니다 | U94: 0
A95: 51 | G95: 여 | H95: 김유빈 | I95: 30 | J95: 165 | K95: 교사 | L95: 31~34 | M95: 170~180 | N95: ESTJ | O95: 무관 | P95: 무교 | Q95: 동일 | R95: 공무원, 연구직, 회사원 | S95: 자기계발을 좋아하고 사람들과 함께하는 시간들을 좋아함 | T95: 내적 외적 자기관리를 꾸준히 하는 사람 | U95: 0
A96: 176 | G96: 여 | H96: 조소희 | I96: 30 | J96: 165 | K96: 퇴사후 쉬는중 | L96: 28~34 | M96: 180~ | N96: Enfj | O96: 무관 | P96: 0 | Q96: 무관 | R96: 자영업 | S96: 몸과 마음이 건강한 사람 | T96: 피지컬 좋고 언행 바르고 둥글둥글한 사람 | U96: 0
A97: 75 | G97: 여 | H97: 박수지 | I97: 30 | J97: 166 | K97: 안경사 | L97: 31~38 | M97: 175~ | N97: Istj | O97: 무관, ISFJ, ESFJ | P97: 무교 | Q97: 동일 | R97: 무관 | S97: 첫만남보단 알아갈수록 매력있는 사람! | T97: 키크고 골격있고 다정하고 세심한 쌍꺼풀 진하지 않은 책임감 있는 연상같은 사람 | U97: 0
A98: 215 | G98: 여 | H98: 우민정 | I98: 30 | J98: 170 | K98: 간호사 | L98: 28~34 | M98: 175~ | N98: INFJ | O98: 무관 | P98: 기독교 | Q98: 동일 | R98: 무관 | S98: 에의바른사람 | T98: 다정하시고 예의바르신분 | U98: 0
A99: 156 | G99: 여 | H99: 임경선 | I99: 30 | J99: 170 | K99: SMC 광고회사 디자인팀 | L99: 28~34 | M99: 180~ | N99: INTP | O99: ISFP, INTP, ISTP, INFJ, ISTJ, INTJ, ISFJ, ESFP, ENFJ, ESFJ, ENTP, ESTP, ENTJ, ESTJ | P99: 무교 | Q99: 무관 | R99: 자영업 | S99: 잘 웃고 성실하고 건강한 일상 루틴 실천하는 사람입니다. | T99: 듬직하고 무던하시면서 성실하신 분을 선호합니다. | U99: 0
A100: 359 | G100: 여 | H100: 김하신 | I100: 30 | J100: 161 | K100: 서울시청 임기제 공무원 | L100: 28~34 | M100: 170~ | N100: ENFJ | O100: 무관 | P100: 무교 | Q100: 무관 | R100: 무관 | S100: 라이트 외향형에 리액션을 잘하는 편인 사람입니다! | T100: 다정하고 안정적인 사람 | U100: 초청
...

Sheet 인기인 정렬
A1: No. | B1: 상시 | C1: 10일M | D1: 10일A | E1: 16일M | F1: 16일A | G1: 성별 | H1: 이름 | I1: 나이 | J1: 키 | K1: 직업(직장과 파트) | L1: 선호나이 | M1: 선호 키 | N1: MBTI | O1: 선호 MBTI | P1: 종교 | Q1: 상대 - 선호종교 | R1: 비선호 직군 | S1: 간단한 자기소개 | T1: 이상형 | U1: 건의사항
A2: 381 | D2: 1 | G2: 여 | H2: 김지연 | I2: 20 | J2: 155 | K2: 대학생 | L2: 20~27 | M2: 170~ | N2: Istp | O2: 무관 | P2: 무교 | Q2: 무관 | R2: 무관 | S2: 처음엔 어색해서 말도 잘 못걸고 뚝딱거리긴 하지만 조금씩 편해지면 말 많아져요!! | T2: 스스로를 잘 어울리게 꾸밀줄 아는 사람 | U2: 0
A3: 63 | G3: 여 | H3: 윤예은 | I3: 23 | J3: 168 | K3: 댄서 | L3: 24~27 | M3: 175~ | N3: ENFP | O3: INFP, INFJ, ENFP, ESFP, ENFJ | P3: 무교, 기독교 | Q3: 동일 | R3: 무관 | S3: 웃음이 많고 밝으면서 매너있고 긍정적인 사람입니다! | T3: 키가 크시고 다정한 성격이랑 말투를 가지신 분을 좋아하고 강아지상에 비흡연자이신분을 좋아합니다! | U3: 이상형에 부합하는 분이 나오셨으면 하는 바람이 있습니다:) ,,!! | V3: 키 크고 얘기가 잘 통하며 예의바르고 다정다감한 사람 | W3: 0
A4: 37 | G4: 남 | H4: 김응혁 | I4: 26 | J4: 175 | K4: 향수매장 직원 | L4: 24~31 | M4: ~165 | N4: ISTJ | O4: 무관 | P4: 무교 | Q4: 무관 | R4: 병원직군 | S4: 솔직한 사람 | T4: 기댈수있는 사람 | U4: 잘부탁드립니다! | V4: 제가 차분한 편이라, 밝고 에너제틱한 기운을 가진 분과 함께할 때 즐거움을 느낍니다. 겉모습을 화려하게 포장하기보다 자신의 있는 그대로를 사랑할 줄 아는 분이 이상형이에요. | W4: 0
A5: 43 | G5: 여 | H5: 최윤지 | I5: 27 | J5: 165 | K5: CJ_무대감독 | L5: 24~34 | M5: 175~ | N5: ESTP | O5: ISFP, ESFP, ESFJ | P5: 무교 | Q5: 동일 | R5: 자영업 | S5: 긍정적인 에너지를 가진 사람 술, 담배 안하고 타투 X /운동 헬스 필라테스 병행 중 회사 경력 5년차, 한 곳에 꾸준히 일할 수 있는 인내심 보유 T긴 하지만 애교 많고 리액션 잘하는 다정한 타입이에요 사람들과 대화하고 소통하는 일을 하고 있어서 처음봐도 어색함 없이 대하는 걸 잘해요 어딜가도 적응력이 좋아요 츄 닮았다고 자주 들어요..^,,^ 하하 | T5: 감자상 공룡상, 술,담배,타투 X 운동하고 근육덩치가 있으신 분, 말 예쁘게 하는 사람, 건실한 사람 | U5: 안녕하세요 운영진님 직업에서 직업군인은 피하고 싶어요..! 제가 직업이 방송쪽이라 교대근무여서 교대근무가 괜찮으신 분이면 좋겠습니다 좋은 사람으로 잘부탁드립니다~! 감사해요🩶 | V5: 다정하고 섬세하고 집돌이에 헬스가 취미인 사람, 흡연x | W5: 너무 나이차이가 많이나지 않았으면 좋겠어요
A6: 50 | G6: 여 | H6: 이지현 | I6: 27 | J6: 164 | K6: 보건직 | L6: 28~34 | M6: 175~ | N6: ESFJ | O6: ENTJ제외 | P6: 무교 | Q6: 동일 | R6: 병원직군, 자영업 | S6: 상대에게 잘 맞춰줄 수 있고, 활발하고 다양한 경험을 하는걸 좋아합니다. 스키, 수영, 등산 | T6: 다정다감, 성숙한, 회피형 싫고, 예의바른, | V6: 마음이 따뜻하고 배려심 있는 분을 선호합니다. 제가 키가 큰 편이라, 저보다 체격이 크고 듬직한 분에게 편안함을 느끼는 것 같습니다. | W6: 0
A7: 48 | G7: 남 | H7: 이정현 | I7: 27 | J7: 183 | K7: 삼성서울병원/ 보안팀 | L7: 20~31 | M7: ~175 | N7: ISTJ | O7: 무관 | P7: 기독교 | Q7: 무관 | R7: 무관 | S7: 평소엔 조용하지만 편해지면 생각보다 수다스럽고 장난기도 많아요. 꾸준히 운동하면서 스스로를 관리하려고 노력 중입니다. 사람 사이에서는 예의와 배려를 가장 중요하게 생각합니다. | T7: 외적으로는 반묶음 잘 어울리시는 귀여운 사람. 내적으로는 대화 잘 통하고 예의있는 사람! | U7: 이번달이 어려우면 다음달도 한 번 참여해보고싶습니다. | V7: 대화가 편하고, 같이 있을 때 웃음 포인트가 맞는 분을 좋아합니다. | W7: 0
A8: 33 | G8: 여 | H8: 박지희 | I8: 27 | J8: 165 | K8: 삼성서울병원 간호사 | L8: 24~34 | M8: 175~180 | N8: ESFJ | O8: ISFP, ISFJ, ESFP, ESFJ, ESTP | P8: 0 | Q8: 무교 | R8: 무관 | S8: 굉장히 밝고, 에너자이틱하다🤗 투명하고 감정에 솔직한 편이며, 눈치가 빨라 상대에게 잘 맞춰주는 편이다 | T8: 다정하고 배려할 줄 아는 사람, 남자다우면서 가끔은 감성도 즐겨줄 수 있는 사람 | U8: 두번째 신청입니다! 두바이 쫀득 쿠키 꼬옥 만들고 싶어요 ..🥹🩷 | V8: 스타일 좋은 사람 센스 있는 사람 | W8: 초대 감사합니다 ☺️
A9: 12 | G9: 여 | H9: 김지수 | I9: 27 | J9: 171 | K9: 삼성서울병원 암6동 | L9: 25~35 | M9: 175~185 | N9: INFJ | O9: ISTJ, ISFJ, ENFJ, ESTJ | P9: 무교 | Q9: 무관 | R9: 기술직, 자영업,공무원 | S9: 삼성서울병원 3년차 간호사 입니다. 베이킹은 처음이지만 디져트 먹는걸 참 좋아합니다~! | V9: 다정한 사람 | W9: 0
A10: 7 | G10: 남 | H10: 권오성 | I10: 27 | J10: 178 | K10: 사무직 | L10: 25~30 | M10: ~165 | N10: ESTJ | O10: INFJ, INFP, ISTJ, ISTP, ISFJ, ISFP, ENTJ, ENTP, ENFJ, ENFP, ESTP, ESFJ, ESFP | P10: 없음 | Q10: 무관 | R10: 무관 | S10: 남자입니다. 친화력이 좋은 편입니다. | V10: 밝은사람 | W10: 0
A11: 47 | G11: 여 | H11: 한민희 | I11: 28 | J11: 162 | K11: 한의원 원무직원 | L11: 28~34 | M11: 170~ | N11: ESFJ | O11: 무관 | P11: 무교 | Q11: 무관 | R11: 무관 | S11: 자가관리 잘하려고 노력하며 긍정적인 운 좋은 사람 | T11: 웃는거 이쁜 사람 청결한 사람 예의있는 사람 배울점 많은 사람 | U11: 0 | V11: 키가 크시고 다정한 성격이랑 말투를 가지신 분을 좋아하고 강아지상에 비흡연자이신분을 좋아합니다! | W11: 이상형에 부합하는 분이 나오셨으면 하는 바람이 있습니다:) ,,!!
A12: 372 | B12: 1 | D12: 1 | G12: 여 | H12: 케리스/하은 | I12: 28 | J12: 174 | K12: 영어 강사 | L12: 28~38 | M12: 175~ | N12: INFJ | O12: 무관 | P12: 무교 | Q12: 무관 | R12: 무관 | S12: 저는 친절하고 솔직한 사람이에요. 요리하고 베이킹하는 걸 좋아해요. 다른 사람들을 행복하게 해주는 걸 좋아하고, 제가 사랑하는 사람들을 위해서라면 뭐든지 다 해요. | T12: 새로운 걸 시도하는 걸 좋아하는 사람이 좋아요. 운동하고 여행하는 것도 좋아했으면 좋겠어요. 배려심 있고 친절하고, 매너가 좋은 사람이면 더 좋아요. | U12: 초청 (5월 10일 15시)
A13: 32 | G13: 남 | H13: 최봄 | I13: 28 | J13: 175 | K13: 영상의학과 방사선사 | L13: 20~31 | M13: 무관 | N13: INFJ | O13: 무관 | Q13: 0 | R13: 무관 | S13: 함께하며 대화하는 티키타카를 좋아하는 사람 | T13: 0 | U13: 선호 하는 20대 연령대분이면 좋겠습니다 | V13: 솔직하고 반전있는 스타일 | W13: 0
A14: 49 | G14: 여 | H14: 천현정 | I14: 28 | J14: 163 | K14: 간호사 | L14: 28~31 | M14: 175~ | N14: ESFJ | O14: 무관, INFJ, ISFJ, ENFJ, ESFJ | P14: 무교 | Q14: 동일 | R14: 자영업, 공무원 | S14: 밝고 사람과 함께하는걸 좋아하는 사람입니다. 자기관리 잘하며 프리패스 며느리상.. | T14: 자기관리 하는사람, 성실한 사람, 훈훈한 외모 | U14: 작년부터 병동 선생님들의 추천으로 하고싶었는데 듀티가 나오지 않아 지원하지 못했습니다. 이번 기회에 참여해보고 싶습니다ㅎㅎ | V14: 책임감있고 다정한 사람 감정표현 잘하는 사람 | W14: 0
A15: 20 | E15: 1 | F15: 1 | G15: 여 | H15: 이현주 | I15: 28 | J15: 165 | K15: 서울시 공무원 | L15: 25~35 | M15: 175~185 | N15: intp | O15: 무관 | P15: 무교 | Q15: 무관 | R15: 자영업, 공무원 | S15: 안녕하세요! 잘 부탁드립니다 | T15: 모든 것에서 좋은 점을 찾을 수 있다 ! | V15: 깔끔한 인상에 자기관리 잘하고 웃는게 이쁜 사람. 운동 꾸준히 하고 피부를 잘 가꾸는 사람. | W15: 0
A16: 4 | G16: 남 | H16: 왕인상 | I16: 28 | J16: 178 | K16: 외국계 에스테틱회사(세일즈 교육팀) | L16: 25~30 | M16: ~165 | N16: ESFP | O16: ISTJ, ISFJ, ENTJ, ENFJ, ESTJ, ESFJ | P16: 무교 | Q16: 무관 | R16: 무관 | S16: 안녕하세요~~~!!! 지인의 공고 전달을 받고 참여를 안할래야 안할수가 없어 지원했습니다~~! | V16: 서로를 위한 존경과 내조 | W16: 0
A17: 58 | G17: 남 | H17: 심국용 | I17: 28 | J17: 187 | K17: SK텔레콤 마케팅 | L17: 20~34 | M17: 165~180 | N17: ESTJ | O17: 무관 | P17: 무교 | Q17: 무관 | R17: 무관 | S17: 다정한. 여유로운. 계획적인. | T17: 0 | U17: 0 | V17: 0 | W17: 0
A18: 54 | G18: 남 | H18: 손기범 | I18: 28 | J18: 168 | K18: 인스파이어 카지노딜러 | L18: 20~30 | M18: 165~170 | N18: ENFP | O18: 무관 | P18: 무교 | Q18: 무관 | R18: 무관 | S18: 카지노딜러하고있는 27살 손기범입니다 | T18: 작고 아담하신분, 지혜로운 | U18: 0 | V18: 외적, 작고 아담한 스타일 (연예인, 박보영 남보라 윈터) 내적, 든든한 동료로서 미래를 함께 그려나갈 수 있는 분 | W18: 베이킹을 통해 인연을 만나는 자리가 있다는걸 처음 알았네요, 좋은 자리 만들어주셔서 감사합니다. 좋은 인연 만날 수 있기를 기원합니다🙏
A19: 31 | G19: 여 | H19: 박혜연 | I19: 28 | J19: 162 | K19: 간호사(건진내시경) | L19: 28~34 | M19: 175~180 | N19: INTP | O19: 무관 | R19: 병원직군, 연구직 | S19: 안녕하세요 삼성서울병원 건진내시경실 간호사로 일하고있는 박혜연 입니다. 복싱 | T19: 예의바른 사람 | V19: 외적인건 코가 예쁘고 눈이 날카롭지 않은 사람이 좋은 것 같아요. 내적으로는 똑똑하고 지혜롭고 감정기복 없고 성실한 사람이 좋습니다. 잘 웃는 사람도 좋아요! | W19: 0
A20: 13 | G20: 여 | H20: 김채희 | I20: 28 | J20: 168 | K20: 삼성서울병원 외래지원파트 | L20: 25~35 | M20: 175~ | N20: ISFJ | O20: ISFJ, ENTJ, ENFJ, ESTJ, ESTP, ESFJ, ESFP | P20: 무교 | Q20: 무관 | R20: 무관 | S20: 안녕하세요. 저는 28살 5년차 간호사 김채희 입니다!:) | V20: 다정하고 대화할 때 재밌는 사람이었으면 좋겠어요. 하얗고 I인 수줍음 많은 남자 | W20: 0
A21: 57 | G21: 남 | H21: 김광민 | I21: 28 | J21: 181 | K21: 회사원(플랫폼업체 영업직) | L21: 28~31 | M21: 160~170 | N21: ISFJ | O21: 무관 | P21: 무교 | Q21: 무관 | R21: 무관 | S21: 상대방에게 웃음을 주는 게 좋고 일상 대화를 하면서 평일에 받았던 스트레스가 풀리기도 합니다 처음에는 어색해하기도 하고 낯도 많이 가리기도 하지만 몇 번 얘기하다 보면 어색함도 풀리고 더 말을 걸고 있기도 합니다 일과 생활이 완벽하게 분리가 되어있어 일할 때는 일만 하고 쉴 때는 절대 일 생각도 안 하고 일 얘기도 안 하고 살아가고 있습니다 취미는 야구를 보러 다니고 주말 아침에 축구를 하러 나가고 있습니다 야구를 같이 보러 다니는 걸 좋아하며 맛있는 음식점이 생각나면 찾아가는것도 좋아합니다 집 데이트와 밖에서 하는 데이트를 한쪽으로 몰리지 않게 하는 걸 좋아합니다 연애 스타일은 주도적인 편은 아닌 거 같고 상대방에게 맞춰주는 편입니다 뭘 하든 대화를 통해 하려고 하며 싸우더라도 대화로 바로 푸는 스타일이며 한번 좋아하기 시작하면 정말 정말 많이 좋아하는 타입입니다 | T21: 안정적이며 대화가 잘 통하는 사람 연상이면 더 좋을거같고 연하는 선호하지 않습니다 | U21: 0 | V21: 관계 유지에 노력을 기울이는 사람을 선호합니다. 외적으로는 작고 귀여운 두부상 스타일 좋아합니다. | W21: 0
A22: 64 | G22: 여 | H22: 고도연 | I22: 28 | J22: 158 | K22: 삼성서울병원, 신생아중환자실 간호사 | L22: 25~35 | M22: 175~185 | N22: Istp | O22: INTJ, INTP, INFJ, ISTJ, ISTP, ISFJ, ISFP, ENTJ, ENTP, ENFJ, ESTJ, ESTP, ESFJ, ESFP | P22: 무교 | Q22: 동일 | R22: 0 | S22: 안녕하세요! 저는 올해로 4년차 직장인이 된 고도연입니다. 베이킹에 관심은 많지만 1인 가구의 특성상 빵을 만들기는 어려운 현실입니다•• 매번 눈여겨 보고 있던 케미스트리 오븐을 통해 사람들과 두쫀쿠를 만들며 1월 행복하게 마무리 해보고 싶습니다 ☺️ •• 겉으로는 바삭 딱딱해보이지만 속은 부드럽(?)답니다. 긍정적이고 웃음이 많고 여러 사람과 어울리는 것을 잘합니다 :) | T22: 0 | U22: 0 | V22: 따뜻, 섬세, 안정형 | W22: 0
A23: 14 | G23: 여 | H23: 윤수선 | I23: 29 | J23: 163 | K23: 간호사 ( 가천대 길병원, 마취과) | L23: 30~35 | M23: 170~ | N23: ESFJ | O23: INTJ, INTP, INFJ, INFP, ISTJ, ISFP | P23: 무교 | Q23: 무관 | R23: 자영업, 공무원 | S23: 안녕하세요! 소개팅은 어렵고 자연스러운 만남을 통해 매력을 어필하여 저와 대화가 잘통하는 인연을 이번 좋은 기회를 통해 만나고싶습니다. 여러번 보아야 매력을 보일 수 있는 저에게 좋을 것 같아 신청했습니다 서로의 장점을 보고 좋은 인연 만들어서 나가고 싶어요 인연이 되지않아도 배이킹을 즐기고 갈 자신 있습니다!! 새로운걸 도전하는걸 좋아하기 때문입니다 긍정적인 파워를 보여드리겠습니다 ! | V23: 다정한사람 | W23: 0
A24: 30 | G24: 여 | H24: 박지혜 | I24: 29 | J24: 158 | K24: 삼성서울병원(간호사) | L24: 30~35 | M24: 175~185 | N24: Isfp | O24: 무관 | R24: 무관 | S24: 안녕하세요 얼마전 이별해서 참가신청했습니다ㅎㅎ | T24: 잘 주차된 이목구비 | V24: 웃는모습이예쁜남자 | W24: 0
A25: 17 | G25: 여 | H25: 박유임 | I25: 29 | J25: 165 | K25: 간호사 삼성서울병원 | L25: 25~35 | M25: 180~185 | N25: ENFP | O25: 무관 | P25: 무교 | Q25: 본인과 동일 | R25: 병원직군 | S25: 여행을 좋아하고 맛집탐방 좋아합니다 !, 차분하면서 활동적인 느낌 웃음이 많다 ! | V25: 외적인건 하얀사람을 좋아하고 같이있을때 편하고 재밌는사람이 좋습니다. | W25: 0
A26: 65 | G26: 여 | H26: 김어진 | I26: 29 | J26: 158 | K26: 삼성서울병원 외래간호 | L26: 25~40 | M26: 170~ | N26: INFP | O26: 무관 | P26: 무관 | Q26: 무교 | R26: 무관 | S26: 안녕하세요 삼성서울병원 외래간호팀에서 근무하는 김어진입니다./ 성격이 좋습니다. 피부가 하얗고 좋아요 | T26: 0 | U26: 0 | V26: 활발한사람 | W26: 감사합니다. !
A27: 38 | G27: 남 | H27: 김성중 | I27: 29 | J27: 175 | K27: 서울도시가스 (기술직) | L27: 24~27 | M27: ~165 | N27: ESTJ | O27: 무관 | P27: 무교 | Q27: 무관 | R27: 무관 | S27: 현실적이고 이상적이며 열심히 살고있는 개미에요 | T27: 애교 많고 청순한 스타일 | U27: 0 | V27: 잘웃고, 잘먹고, 잘놀고, 본인업무에 성취감을 느끼는 사람 | W27: 요즘엔 버터떡이 유행이더라구요?!? 뭐든 좋긴해요!
A28: 69 | G28: 여 | H28: 김길원 | I28: 29 | J28: 161 | K28: 삼성서울병원 중환자실 | L28: 28~34 | M28: 170~ | N28: ENFP | O28: INTJ, ENTJ | P28: 무교 | Q28: 무관 | R28: 무관 | S28: 제 가장 큰 장점은 유연함입니다. 또 세상에 호기심이 많고 긍정적인 편입니다. 그래서 주변과 잘 어울립니다. 저는 글보다 직접 보는게 더 나은 사람이라고 생각해요. 잘 부탁드립니다 ㅎㅎ | T28: 어느정도 자기관리 되어 있는 똑 부러지는 사람. 책임감있는 사람. Entj Intj 극극선호합니다. | U28: 잘 부탁드립니다. 저번에 참여하지 못했는데 이번에는 기회주시면 책임감 가지고 꼭 참여하겠습니다. | V28: 밝고 긍정적이고 잘 웃으시는 분 | W28: 잘부탁드립니다 😊
A29: 60 | G29: 남 | H29: 강희문 | I29: 29 | J29: 177 | K29: 차량손해사정사 | L29: 24~31 | M29: 160~165 | N29: ISTP | O29: 무관 | P29: 무교 | Q29: 무관 | R29: 무관 | S29: 감정 변화가 크지 않고 내 사람한테 다정함 | T29: 단발 | U29: 0 | V29: 감자상 공룡상, 술,담배,타투 X 운동하고 근육덩치가 있으신 분, 말 예쁘게 하는 사람, 건실한 사람 | W29: 안녕하세요 운영진님 직업에서 직업군인은 피하고 싶어요..! 제가 직업이 방송쪽이라 교대근무여서 교대근무가 괜찮으신 분이면 좋겠습니다 좋은 사람으로 잘부탁드립니다~! 감사해요🩶
A30: 26 | G30: 여 | H30: 허진영 | I30: 30 | J30: 159 | K30: SMC 간호사 5서병동 | L30: 28~ | M30: 175~ | N30: ESTP | O30: INTJ, INTP, INFJ, ISTJ, ISTP, ISFJ, ENTJ, ENTP, ENFJ, ENFP, ESTJ, ESTP, ESFJ, ESFP | R30: 병원직군, 기술직, 자영업, 공무원, 연구직, 회사원, 무관 | S30: 반갑습니다 정말 잘해보고 싶어요~ | T30: 긍정적이고 선입견이 없습니다 | V30: 말 이쁘게 하시는분. | W30: 0
A31: 70 | G31: 남 | H31: 정재우 | I31: 30 | J31: 182 | K31: 건국대학교 교직원 | L31: 24~34 | M31: ~175 | N31: ENFP | O31: 무관 | P31: 천주교 | Q31: 무관 | R31: 무관 | S31: 안녕하세요 내향적이지만 내사람한테는 재미있고 유머있는 밝은 성격입니다. 좋은 분과 맛있는 베이킹 하고싶어 나왔습니다. 잘 부탁드립니다. | T31: 이야기를 같이 나누고 친해질수록 더 재미있고 매력을 많이 확인할 수 있습니다. | V31: 상대방을 존중해주는 사람 | W31: 0
A32: 23 | G32: 남 | H32: 전성준 | I32: 30 | J32: 172 | K32: 삼성서울병원 혈액종양내과 간호사 | L32: 25~30 | M32: 160~165 | N32: ISFJ | O32: INFJ, INFP, ISFJ, ISFP, ENFJ, ENFP, ESFJ, ESFP | P32: 병원직군 | Q32: 불교 | R32: 동일 | S32: 환자 보호자들에게 인기많은 칭찬간호사입니다.운동좋아하고 한결같은 성격 | T32: 0 | U32: 0 | V32: 밝고 긍정적인 사람 | W32: 0
A33: 59 | G33: 남 | H33: 이준호 | I33: 30 | J33: 184 | K33: 연구소, 연구원 | L33: 24~31 | M33: 160~180 | N33: ENFJ | O33: 무관, INFP, ISFP | P33: 천주교 | Q33: 무관 | R33: 무관 | S33: 낭만적인것 좋아고 배우는 활동에 진심인 사람 | T33: 회피하지 않고 해결하고자하는 자세가 먼저 인 사람, 여유러운 일상생활을 즐길 수 있는 분 | U33: 0 | V33: 0 | W33: 0
A34: 8 | G34: 남 | H34: 박영진 | I34: 30 | J34: 180 | K34: 삼성서울병원 수술실 간호사 | L34: 20~30 | M34: ~170 | N34: ISFJ | O34: INFJ, ISFJ, ISFP, ENFP, ESFJ | P34: 무교 | Q34: 동일 | R34: 자영업 | V34: 잘 웃고 밝은 에너지를 가진 분에게 자연스럽게 끌립니다. 외적으로는 고양이상이나 여우상처럼 분위기가 또렷한 분을 선호하고, 웃을 때 매력이 느껴지는 분에게 호감을 느끼는 편입니다. | W34: 0
A35: 66 | G35: 여 | H35: 김지운 | I35: 30 | J35: 156 | K35: 의료직 | L35: 28~31 | M35: 175~180 | N35: INFP or INTP | O35: 무관 | P35: 무교 | Q35: 무관 | R35: 무관 | S35: 착하고 리액션 잘함, 장난도 적당히 선 안 넘게 치고 티키타카 웬만하면 잘 됨 | T35: 빠른 눈치와 기본 도덕성과 인성이 있는 사람, 외적으로는 적당히 자기관리 하고 눈이 작지 않고 피부 깨끗한 사람 | U35: 저 다른 어플에서 사진으로 많이 속아서 현타왔어요... 살려주세요..... | V35: 도전적이고, 자기 할 일에 열정적인 사람 / 나한테만 다정한 사람 | W35: 0
A36: 39 | G36: 여 | H36: 조수진 | I36: 31 | J36: 155 | K36: 교사(중학교) | L36: 28~34 | M36: 170~ | N36: ENFJ | O36: 무관 | P36: 무교 | Q36: 동일 | R36: 무관 | S36: 밝고 긍정적이고 일에도 열정이 가득한 사람. 사람을 좋아하고 웃음이 많음. 책임감이 강하고 남을 배려하는 사람. 거절을 잘 못 함. 책과 음악을 좋아하고 영화나 드라마도 좋아함. 운명적인 사랑을 믿고 운명을 기다리는 사람. 상처도 잘 받지만 또 금새 털어버리는 사람(잘 까먹음). 동물을 사랑하고 세상에 긍정적인 영향력을 조금이라도 미치고 싶은 사람. 바르게 살기 위해 노력하는 사람. 같이 있는 사람(친구나 연인)에게 동화가 잘 되는 편. | T36: 듬직하고 다정한 사람. 성격이 선하고 바른 사람. 담배를 피지 않고, 운동을 좋아하는 사람. 대화가 잘 통하고 편안하면서도 같이 있는게 너무 즐거운 사람. 웃음 코드가 잘 맞고, 다른 사람에게 상처주는 말이나 행동을 웃음 소재로 쓰지 않는 사람. 기본적인 예의가 있는 사람. 자기 일에 열정적인 사람. 내면이 단단하고 말을 예쁘게 하는 사람. | U36: 직업 무관이라고 했지만 교사는 아니었으면 좋겠습니다. 운명을 만나면 좋겠지만 아니더라도 베이킹이 너무 기대됩니다! | V36: 말이쁘게 하는 사람 | W36: 없습니다
A37: 18 | G37: 여 | H37: 임채영 | I37: 31 | J37: 169 | K37: 삼성서울병원 영상의학과(의사) | L37: 25~35 | M37: 165~ | N37: INTP | O37: 무관 | P37: 천주교 | Q37: 본인과 동일 | R37: 무관 | S37: 안녕하세요 호기심과 웃음이 많은 임채영입니다 가종이 화목합니다 | V37: #다정함 #긍정적 #정돈됨 #주관있는 | W37: 0
A38: 24 | G38: 여 | H38: 이반야 | I38: 31 | J38: 160 | K38: 서울삼성병원 | L38: 30~35 | M38: 170~185 | N38: Infp | O38: 무관 | R38: 무관 | S38: 저는 긍적적이고 리액션이 좋습니다! 귀엽게 생겨서 호감형이라고 생각합니다 ㅎㅎ | T38: 성실하고 착하다 | V38: 말이쁘게 하는 사람 | W38: 없습니다
A39: 19 | G39: 남 | H39: 양성인 | I39: 31 | J39: 177 | K39: 삼성병원 신경검사실 | L39: 25~35 | M39: 무관 | N39: ENFP | O39: 무관 | P39: 기독교 | Q39: 동일 | R39: 무관 | S39: 에겐남 양성인입니다 | T39: 활동적이고 운동을 좋아해요! | V39: 0 | W39: 0
A40: 36 | G40: 남 | H40: 김반석 | I40: 31 | J40: 176 | K40: IT엔지니어 | L40: 28~31 | M40: 160~170 | N40: ISFP | O40: 무관 | P40: 기독교 | Q40: 무관 | R40: 무관 | S40: 저는 솔직한 편이라, 좋고 싫은 게 표정에 조금 드러나는 편이에요. 그래서 오히려 편하다는 얘기를 듣기도 해요. 인연을 소중하게 생각하는 편이라 한 번 만나면 오래 보고 싶은 스타일이고요. 너무 무겁기보다는, 가끔씩 툭툭 웃기는 편이에요. 목표가 생기면 어떻게든 이루려고 노력하는 편이라, 스스로는 진취적인 성향이라고 생각합니다. 잘 부탁드립니다 🙂 | T40: 비흡연자였으면 좋겠고, 긴 머리가 잘 어울리는 분을 좋아해요. 연하이신 분이 조금 더 편하게 느껴지고, 같이 있을 때 밝고 에너지가 좋은 분이면 더 잘 맞을 것 같아요. | U40: 0 | V40: 애교 많고 청순한 스타일 | W40: 0
A41: 377 | C41: 1 | G41: 여 | H41: 강지안 | I41: 31 | J41: 168 | K41: 패션회사 해외영업 | L41: 31~34 | M41: 175~ | N41: ESFJ | O41: INTP, ISTP, ISTJ, ISFJ | P41: 무교 | Q41: 본인과 동일 | R41: 자영업 | S41: 밝고 긍정적이고 에너지가 넘치는사람 | T41: 외적으로 내적으로 자기관리 잘하고 이해심이 있는 사람 | U41: 초청
A42: 46 | G42: 여 | H42: 강다영 | I42: 31 | J42: 169 | K42: 헤어디자이너 | L42: 28~38 | M42: 180~ | N42: ESTP | O42: 무관 | P42: 무교 | Q42: 동일 | R42: 무관 | S42: 밝고 뒤끝없는사람 | T42: 헬스하고 하얀사람..? 어른스럽고 차분한사람 | U42: 0 | V42: 티키타카가 잘 되는 사람 | W42: 나이가 비슷했으면 좋겠습니다.
A43: 386 | D43: 1 | E43: 1 | G43: 남 | H43: 박성현 | I43: 31 | J43: 178 | K43: cj제일제당 기술직 | L43: 24~34 | M43: 무관 | N43: isfp | O43: 무관 | P43: 무교 | Q43: 본인과 동일 | R43: 무관 | S43: 차분하고 침착한 사람 | T43: 서로 존중하고 긍정적인사람 | U43: 0
A44: 383 | B44: 1 | C44: 1 | D44: 1 | E44: 1 | F44: 1 | G44: 여 | H44: 추지혜 | I44: 32 | J44: 164 | K44: 웹에이전시, 웹 개발자 | L44: 28~34 | M44: 175~ | N44: INFJ | O44: INFP, INFJ, INTJ, ENFP, ENFJ, ENTP, ENTJ | P44: 무교 | Q44: 본인과 동일 | R44: 무관 | S44: 말하는 것보다 들어주는 것을 좋아하고, 내 사람에게는 한없이 세심해지는 '겉차속따'입니다. 저는 화려한 말솜씨보다는 상대방의 이야기에 귀 기울이고 공감하는 시간을 더 소중히 여겨요. MBTI는 F이지만 일처리나 고민을 해결할 때는 T 성향이 강해서, 다정하면서도 든든한 조언자가 되어드리기도 합니다. 낯을 조금 가릴 순 있어도 '내 사람'이라는 확신이 들면 누구보다 세심하고 다정하게 챙겨주는 편이에요. 외적으로는 농담곰 캐릭터를 닮았다고 듣습니다. 취미로는 뜨개질처럼 손으로 만들면서 차분하게 집중할 수 있는 활동입니다. 정성을 담아 무언가를 만드는 시간을 좋아합니다. | T44: 말을 잘하고 밝은 웃는게 잘 어울리는 무해한 대형견같은 사람 | U44: 0
A45: 44 | G45: 여 | H45: 최주연 | I45: 32 | J45: 158 | K45: 비알코리아 개발팀 | L45: 31~38 | M45: 170~180 | N45: ENFP | O45: INTJ, ENFJ, ENTJ, ESTJ | P45: 무교, 불교 | Q45: 동일 | R45: 공무원 | S45: 성격은 밝고 잘 웃는 성격이고 처음 친해지는데엔 어려움이 없지만 마음을 여는데 시간이 조금 걸리는 편인 것 같습니다. 현재 혼자 반려견을 키우고 있어서 만나는 분의 배려가 조금 필요하지만 책임감의 영역으로 이해해주시는 분이면 좋을 것 같고 어떠한 상황이든 현재에 있어 최선을 다하는 성격입니다. 남들이 보면 테토...라고 하지만 연애에 있어서만큼은 에겐인것 같아요! | T45: 이상형은 딱히 없습니다.. 그냥 첫눈에 꽂히는 편인 것 같아요. 자기 일 잘하고 J 스러운 면모가 많은 분에게 설레는 것 같아요. | U45: 0 | V45: 키는 173이상이면 좋겠고 집돌이 보다는 같이 활동할 수 있는 사람이면 좋을 거 같아요 | W45: 비슷한 나이대면 좋을 거 같구..종교는 다수선택이 안되어서 그런데 독실한 기독교만 아니면 괜찮을 거 같아요(일요일은 무조건 교회)
A46: 378 | B46: 1 | C46: 1 | D46: 1 | G46: 여 | H46: 전지은 | I46: 32 | J46: 165 | K46: 간호사(서울대병원소아응급실) | L46: 31~38 | M46: 175~ | N46: ESFJ | O46: 무관 | P46: 무교 | Q46: 본인과 동일 | R46: 병원직군, 기술직, 연구직, 회사원 | S46: 밝고 열심히 살고 나름 다정한 사람 | T46: 다정하고 나에게 안정감을 주는 사람 | U46: 0
A47: 55 | G47: 남 | H47: 이승후 | I47: 32 | J47: 175 | K47: 엑시스웨이 / 마케팅 팀장 | L47: 28~31 | M47: 160~165 | N47: ENTP | O47: 무관 | P47: 무교 | Q47: 동일 | S47: 저는 즉흥적인 사람인거 같습니다 여행을 좋아하고 어떤거에 꽂히면 바로 도전하고 놀땐 놀고 일할때는 일하는 성격이예요! 제 사람이라고 생각하면 최선을 다해 잘해주는 타입입니다. 글로는 다 표현을 못하지만 실제로 앞에서는 어색해하지 않는 사람이예요! | T47: 서로 공통점이 맞으면 좋을거 같습니다. 여행 좋아하고 제가 조금 활발하다보니 너무 조용하기보다 조금 활발했으면 좋겠습니다 | V47: 심신이 건강한 사람 | W47: 0
A48: 56 | G48: 남 | H48: 방성훈 | I48: 32 | J48: 185 | K48: 음식물처리기 회사 | L48: 24~34 | M48: 160~175 | N48: ISTP | O48: 무관 | P48: 천주교 | Q48: 무관 | R48: 무관 | S48: 강아지 | T48: 신세경 이하늬 | U48: 0 | V48: 평소에는 똑부러지지만 가끔 보여주는 허당기나, 작은 일에도 아이처럼 환하게 웃으며 기뻐하는 순수한 모습의 사람 | W48: 0
A49: 6 | G49: 여 | H49: 강태이 | I49: 32 | J49: 168 | K49: 삼성서울병원_연구직 | L49: 30~40 | M49: 175~180 | N49: ESFJ | O49: INFJ, INFP, ISFJ | P49: 무교 | Q49: 무관 | R49: 무관 | S49: 안녕하세요! 저는 직업 특성상 여초사회에서 오랜기간 근무하여 주변을 통해서는 인연을 만나기가 점점 더 힘들어진 삼십대 초반 여자입니다,, 이 쿠킹클래스를 통해 새로운 사람들을 알아가고 좋은 인연을 만날 수 있는 기회가 될 수 있기를 바라며 신청합니다! | V49: 밝고 무던한 에너지 넘치는 | W49: 0
A50: 35 | G50: 여 | H50: 진푸름 | I50: 33 | J50: 157 | K50: 편곡가 | L50: 28~34 | M50: 170~180 | N50: INFP | O50: INTJ, ENTJ | P50: 무교 | Q50: 무관 | R50: 무관 | S50: 문화 예술을 사랑하는 사람 | T50: 예의 바르고 문화예술을 사랑하는 사람 | U50: 0 | V50: 하얀무쌍 리트리버 멍뭉미있는 남자 | W50: 요즘엔 만나이로 적어야하는지 헷갈려요.. 1989년생입니다!
A51: 42 | G51: 남 | H51: 이시준 | I51: 33 | J51: 185 | K51: 현대오토에버 IT개발 | L51: 28~31 | M51: 165~175 | N51: ISFP | O51: INFP, ISFP, INFJ, ISFJ, ENFP, ESFP, ENFJ, ESFJ, ENTP, ESTP, ENTJ, ESTJ | P51: 무교 | Q51: 동일 | R51: 병원직군, 자영업, 공무원 | S51: 주위 분들 착하고 다정한 사람이라고 많이 말씀해주십니다.. ㅎㅎ.. 화도 잘 안내고 무던한 편입니다! 하는 일에 있어서는 책임감있게 해내려고 하는 편이에요 | T51: 경제관념이 있으신분. 키가 크신분. 선하게 생기신 분 | U51: 나이대가 저와 2-3살 정도 아래였으면 싶습니다.. ㅎㅎ.. | V51: 키크고 자상하고 티키타카 잘되는분 | W51: 0
A52: 376 | F52: 1 | G52: 남 | H52: 오상현 | I52: 33 | J52: 176 | K52: 현대백화점 이커머스 | L52: 28~34 | M52: 160~165 | N52: estj | O52: ESFP, ENFJ, ENTP, ESTP, ENTJ | P52: 무교 | Q52: 본인과 동일 | R52: 공무원 | S52: 성실하고 책임감 있고 자기관리하는 사람입니다. | T52: 발전적이고 자기일 열심히 하고 관리하는 사람. 밝고 긍정적인 성격의 소유자 선호. | U52: 초청
A53: 10 | G53: 남 | H53: 안예찬 | I53: 33 | J53: 172 | K53: 방사선사, 삼성서울병원 방사선종양학과 | L53: 25~30 | M53: 160~170 | N53: INFJ | O53: INTJ, INFJ, ISTJ, ISFJ, ENTJ, ENFJ, ESTJ, ESFJ | P53: 무교 | Q53: 무관 | R53: 무관 | S53: 삼성서울병원 방사선종양학과에서 방사선사로써 7년간 근무하였습니다. 외면은 부드럽지만 내면은 단단한 성격을 갖고있고, 취미는 운동과 음악듣기입니다. 감사합니다! | V53: 연락과 표현을 잘하고, 불안하게 만들지 않는 사람이 좋아요! 연락이 자연스럽게 이어지고 관계에서 불확실함을 주지 않는 안정적인 사람에게 매력을 느끼는데무엇보다 공감 능력이 있고 다정하고 자상한 사람이 중요해요! 서로의 감정을 이해하고 지지해 줄 수 있는 감정적인 교류가 가능한 관계를 원하며, 회피형 성향보다는 진중함 속에 유쾌함이 함께 있는 사람이 좋아요. 첫인상도 중요하고, 무엇보다 대화가 잘 통해 티키타카가 되는 사람이면 좋겠고 또한 자기 관리를 하며 스스로의 삶을 잘 가꾸는 사람이라면 더욱 좋겠어요! | W53: 0
A54: 380 | D54: 1 | G54: 남 | H54: 신희건 | I54: 33 | J54: 174 | K54: 공무원/소방공무원 | L54: 28~34 | M54: ~165 | N54: ISTJ | O54: INFP, ISFP, INFJ, ISTJ, ISFJ, ENFP, ESFP, ENFJ, ESFJ, ENTP, ESTP, ENTJ, ESTJ | P54: 무교 | Q54: 본인과 동일 | R54: 병원직군, 공무원, 연구직, 회사원 | S54: 해보고 싶은 것이 생기면 도전해보는 사람 | T54: 웃음이 많고 성격이 밝은 사람 | U54: 0
A55: 16 | G55: 여 | H55: 성정은 | I55: 33 | J55: 164 | K55: 변호사(사내변) | L55: 30~35 | M55: 170~185 | N55: INTJ | O55: ESFP | P55: 무교 | Q55: 무관 | R55: 자영업 | S55: 소심하지만 정많은 변호사 성실하다! 하기로 한 일/약속은 무슨 일이 있어도 지킨다. 연애할 준비가 되어있는 것 같다 | V55: 옳고 그름을 아는 바른 사람 | W55: 0
A56: 9 | G56: 여 | H56: 백은지 | I56: 33 | J56: 168 | K56: 해운회사 (서류 및 오퍼레이션 파트) | L56: 25~40 | M56: 175~ | N56: INFJ | O56: INTJ, ISTJ, ISTP, ENTJ, ENFP, ESFJ, ESFP | P56: 무교 | Q56: 동일 | R56: 공무원 | S56: 안녕하세요! 제 짝꿍을 찾고 싶어 지원하게 된 33살 백은지 입니다. 마지막 연애를 한 지 2년이 다 되어 가는데, 직전 연애가 자만추인 탓일까요? 연애를 시작을 못하고 있습니다. 이제는 씨가 말랐다고 아무리 찾아도 괜찮은 남자가 없다는 친구들이 그래도 숨은 사람을 찾아 찾아서 소개를 해주는데 소개팅도 참 쉽지가 않더라구요. 소개팅이다보니 대화보다는 그래도 외모에서 일단 호감이 생겨야 하는 탓인거 같아요. 너무 신중한 탓에 연애 시작이 쉽지 않은 저에게 이 케미스트리 오븐이 좋은 사람을 짝지어줄것만 같아요! 소개팅인 듯 아닌 듯 자만추인 듯 아닌 듯 베이킹 하는 시간 동안 혹은 자연스러운 대화속 상대방의 성격, 성향도 자연스럽게 파악 할 수 있어 더 좋은 기회 일 것이라는 생각이 듭니다 조금간략히 저에대해 말씀드리자면 취미로는 요가, 독서 좋아하구요 정적인 걸 좋아하면서도 활동적인 것도 너무 좋아합니다. 아무래도 상대방에게 맞추려는 편이다 보니 평소에 안하던 활동적인 걸 하면 새롭게 해보는게 많아서 너무 좋더라구요! 저랑 조금은 비슷하지만 조금은 다른 성향으로 서로에게 새로운 경험과 긍정적인 영향을 줄 수 있는 사람을 만나고 싶습니다. | V56: 포용력 있고 몸도 마음도 건강하신 분 | W56: 0
A57: 53 | G57: 남 | H57: 박근준 | I57: 33 | J57: 171 | K57: 삼성전자 foundry p기술팀 | L57: 24~31 | M57: ~165 | N57: ISFP | O57: 무관 | P57: 무교 | Q57: 동일 | R57: 무관 | S57: 친해지면 장난기 많은 사람 | T57: 밝은 사람 | U57: 0 | V57: 웃기고귀여운사람 | W57: 0
A58: 11 | G58: 남 | H58: 홍세연 | I58: 34 | J58: 182 | K58: SMC 성형외과 수술전담간호사 | L58: 25~35 | M58: 165~175 | N58: ESTJ | O58: ISTJ, ISFJ, ESTJ, ESFJ | P58: 무 | Q58: 동일 | R58: 자영업 | S58: 안녕하세요 눈치 빠르고 분위기 파악 잘하는 특기를 가지고 있는 어딜가나 인기 아주 조금은 있는 사람입니다. 삼성계열사 내에서 새로운 인연을 찾고자 지원하게 됐습니다. 잘 부탁드립니다. | T58: 연상(98년생 이상)을 선호합니다 ㅎㅎ | V58: 무던하고 다정다감 | W58: 0
A59: 68 | G59: 남 | H59: 이민규 | I59: 34 | J59: 185 | K59: 외국계 IT 기업 / PM | L59: 28~34 | M59: 160~170 | N59: INFP | O59: 무관 | P59: 무교 | Q59: 동일 | R59: 무관 | S59: 저는 운동 좋아하고 대화하고 서로 일상 공유하는 것도 좋습니다. 본인 일에 최선을 다하고 데이트할 땐 데이트에 집중하는 성향을 가지고 있습니다 | T59: 대화 잘 통하고 선하게 생기신 분 | U59: 0 | V59: 잘 웃고 배려심 있으며 자신만의 독특한 매력이 있는 사람 | W59: 업무로 인해 참석이 어려운 날에 배정된다면 변경이 가능한지 궁금합니다
A60: 41 | G60: 남 | H60: 이관용 | I60: 34 | J60: 183 | K60: 주식회사 액트 영업 | L60: 28~34 | M60: 165~175 | N60: ISTJ | O60: 무관 | P60: 무교 | Q60: 무관 | R60: 무관 | S60: 주중엔 일에 집중하고 퇴근 후엔 운동과 강아지와 산책하며 보내며, 차분하지만 친해지면 잘 웃고 리액션 좋은편입니다.커피,맛집,영화 좋아합니다. 부담없이 천천히 알아가면서 서로 존중하는 관계를 찾고 있습니다. | T60: 0 | U60: 0 | V60: 키크고 코드 맞는 사람 | W60: 0
A61: 45 | G61: 남 | H61: 이강범 | I61: 34 | J61: 179 | K61: 보라매병원 간호부 | L61: 28~34 | M61: 160~175 | N61: ISTJ | O61: 무관 | P61: 무교 | Q61: 동일, 무관 | R61: 무관 | S61: 직업적으로는 직업 전문성을 키우기 위해 끊임없이 노력합니다. 석사 학위를 가지고 있으며 현재 전문간호사 자격증 취득을 위해 다시 대학원을 다니고 있습니다. 웨이트 트레이닝을 좋아하며 식단관리까지 병행하여 자기 관리를 하고 있습니다. 나이가 들어도 망가지지 않도록 꾸준히 자기관리를 하는 것이 목표입니다. 일에서든 다른 것에서든 책임감 있게 행동합니다. 또한 긍정적이고 성실한 것이 장점입니다. 초반에는 낯을 많이 가리는 편입니다. 하지만 친해지고 내 사람이라는 생각이 들면 장난도 많이 치고 잘 챙겨줍니다. | T61: 외모적으로는 눈이 이쁘고, 얼굴형이 이쁜 분을 좋아합니다. 본인의 직업에 자부심이 있고 전문적이며, 긍정적이고 성실한 분이 좋습니다. 담배는 피지 않으셨으면 좋겠습니다. | U61: 0 | V61: 예의 바르고 문화예술을 사랑하는 사람 | W61: 0
A62: 21 | G62: 남 | H62: 오현석 | I62: 34 | J62: 175 | K62: 삼성SDI, 기술혁신그룹, 접합가공기술 파트 | L62: 25~35 | M62: 160~170 | N62: INTJ | O62: ENTJ, ENTP, ENFJ, ENFP | P62: 기독교 | Q62: 본인과 동일, 무관 | R62: 무관 | S62: 안녕하세요! 오현석입니다. 주중(월~목) 삼성SDI 천안사업장에 일(거주)하고 있고, 주말(금~일)에는 서울에서 거주 주 입니다. | T62: 발명왕 | V62: 피부가 하얗고 웃는 모습이 예쁜 사람 | W62: 0
A63: 15 | G63: 여 | H63: 신나리 | I63: 34 | J63: 155 | K63: PTKorea (광고대행사/퍼포먼스미디어 파트) | L63: 30~40 | M63: 170~ | N63: ENFJ | O63: INTJ, INTP, ISTJ, ISTP, ISFJ, ISFP, ENTJ, ENTP, ENFJ, ESTJ, ESTP, ESFJ | P63: 무교 | Q63: 무관 | R63: 무관 | S63: 안녕하세요! 광고대행사에서 마케팅 업무를 하고 있습니다. 항상 반복된 일상에 새로움이 없었는데, 이번 기회를 통해 베이킹도 배우고 새로운 분들과 재미있는 추억 만들고 싶어요! (겉바속촉) 반전매력 (외모는 에겐 / 성격은 테토) | V63: 단단한내면 긍정적이고 유연한 마인드 운동등 자기관리를 잘하고 패션센스도 어느정도 있는사람 | W63: 0
A64: 52 | G64: 여 | H64: 서예슬 | I64: 34 | J64: 164 | K64: 삼성서울병원, 외래간호5파트 | L64: 30~40 | M64: 170~180 | N64: ISFP | O64: 무관 | P64: 무교, 기독교 | Q64: 동일, 무관 | R64: 0 | S64: 무던하고 상냥한 사람이고 운동(특히 러닝), 요리, 산책,영화를 좋아해요!유순한성격 ,밝은미소! | T64: 긍정적이고 예의바른사람 | U64: 0 | V64: 자기관리 잘하는 깔끔한 사람.배려 존중 잘하고 예의 바른 사람. 개그 코드 잘 맞으면 좋아요 | W64: 상대방 나이는 동갑이나 1,2살 위&아래 까지만을 선호합니다. 설레는 봄 맞이하고 싶어요ㅠㅠ~~~
A65: 27 | G65: 남 | H65: 김규민 | I65: 34 | J65: 171 | K65: 방사선사(중앙대병원 방사선종양학과) | L65: 20~31 | M65: ~170 | N65: isfj | O65: 무관 | R65: 공무원 | S65: 꾸준히 운동하고 요리 하는 걸 좋아하는 장발st | T65: 고양이상(그렇다고 강아지상이 싫은거 아님) | V65: 어느정도 체격있고 운동꾸준히하시는분 깔끔한 인상 | W65: 0
A66: 384 | C66: 1 | G66: 남 | H66: 황원규 | I66: 35 | J66: 173 | K66: 성남문화원(공공기관)/사무 및 운영파트 | L66: 24~34 | M66: ~170 | N66: isfj | O66: INFP, ISFP, INFJ, INTJ, ISFJ, ENFP, ESFP, ENFJ, ESFJ, ENTP, ESTP, ENTJ, ESTJ | P66: 무교 | Q66: 본인과 동일, 무관 | R66: 무관 | S66: 잘웃고 배려심이 깊은사람, 같이 있으면 재밌고 편안함을 주는 사람, 알면 알수록 더 재미있는 사람 | T66: 잘웃고 착한사람, 교회 다니지 않고 담배 피지 않는 사람, 긴머리 | U66: 잘부탁드려요👍
A67: 375 | D67: 1 | F67: 1 | G67: 여 | H67: 정다혜 | I67: 35 | J67: 168 | K67: 오스비스 생산팀 | L67: 31~41 | M67: 170~ | N67: INFP | O67: 무관 | P67: 무교 | Q67: 본인과 동일 | R67: 무관 | S67: 가만히 있는 걸 못 참고 이것저것 도전하고 재미 찾는 거 좋아하는 사람이에요 | T67: 긍정적이고 외향적인 사람 | U67: 0
A68: 374 | D68: 1 | G68: 남 | H68: 이성균 | I68: 35 | J68: 167 | K68: 바이브 마케터 / 기획팀 | L68: 28~38 | M68: ~170 | N68: estp | O68: 무관 | P68: 무교 | Q68: 무관 | R68: 병원직군, 기술직, 공무원, 회사원 | S68: 겉차속따! | T68: 할말 잘하는 사람 / 고양이상 | U68: 0
A69: 67 | G69: 남 | H69: 윤현덕 | I69: 35 | J69: 174 | K69: 로펌 상담팀 | L69: 28~31 | M69: 160~170 | N69: INTJ | O69: 무관 | P69: 기독교 | Q69: 동일, 무관 | R69: 무관 | S69: 착실하고 건실한 사람 | T69: 다정한 사람 | U69: 잘부탁드립니다 | V69: 밝고 웃는 사람 제가 조용하고 그러다보니 좀 저는 밝고 웃는 사람 이었으면 좋겠습니다 | W69: 잘 부탁 드립니다
A70: 5 | G70: 남 | H70: 류승현 | I70: 35 | J70: 173 | K70: 자동차1차사 IT팀 | L70: 25~30 | M70: ~170 | N70: ENFP | O70: INTJ, INFJ, ENTJ, ENFJ | P70: 무 | Q70: 동일 | R70: 무관 | S70: 잘 웃고 운동 좋아합니다! | V70: 노래듣는 걸 좋아하고 취미가 다양한 사람이면서 책읽는 즐거움을 알면 좋겠습니다. 남자답지만 표현을 잘하는 성격이면 좋겠습니다. 서울에 살면 좋겠고 소소하게 돌아다니는 데이트를 좋아했으면 합니다. | W70: 0
A71: 34 | G71: 남 | H71: 남대우 | I71: 35 | J71: 175 | K71: 사업 | L71: 31~38 | M71: 160~165 | N71: ISFJ | O71: 무관 | P71: 불교 | Q71: 무관 | R71: 0 | S71: 솔직한사람 | T71: 솔직하고 반전있는 스타일 | U71: 0 | V71: 개그코드가 잘맞는 사람 | W71: 0
A72: 71 | G72: 남 | H72: 김논형 | I72: 35 | J72: 177 | K72: 서울교통공사 사무 | L72: 28~34 | M72: ~170 | N72: ENTJ | O72: INTJ, ENTP | P72: 천주교 | Q72: 무관 | R72: 무관 | S72: 운동과 공부가 취미인 자기계발을 좋아하는 사람 | T72: 존중할 수 있는 사람 | U72: 0 | V72: 귀여운(but 무관) | W72: 시간이 어떻게되는지 모르겠네요ㅠ
A73: 22 | G73: 남 | H73: 황구연 | I73: 36 | J73: 184 | K73: 성모윌병원 수술실 | L73: 무관 | M73: 160~175 | N73: ISFJ | O73: 에스프레소 옆 작은 다크초콜릿 한조각 | P73: 무관 | Q73: INFJ, INFP, ISFJ, ENFP | S73: 안녕하세요 9년차 수술실 간호사 황구연입니다. 꾸준한 운동으로 다져진 체력과 체격' | T73: 운동을 좋아하고 부지런하며 성격의 기복이 크지 않으신분 외모는 연예인으로 따지면 배우 표예진 | V73: 배려하고 마음씨가 착하신분 | W73: 0
A74: 61 | G74: 남 | H74: 허대윤 | I74: 36 | J74: 185 | K74: IT 데이터엔지니어 | L74: 24~34 | M74: 160~180 | N74: ESTJ | O74: 무관 | P74: 무교 | Q74: 무관 | R74: 무관 | S74: 다정한편입니다. 자기일을 잘해요. 운동을 좋아합니다. 자기관리 열심히해요. 여행을 좋아해요. 영화보는 것 좋아합니다. 독서를 좋아해요. 이야기하는 걸 좋아하고 어떤 활동이든 연인과 같이 함께하는것을 선호합니다 | T74: 단아한 인상, 자기관리하시는분, 책임감이 있으신분, 배려심 있으신분 | U74: 0 | V74: 다정다감, 성숙한, 회피형 싫고, 예의바른,
A75: 51 | G75: 남 | H75: 최준혁 | I75: 36 | J75: 174 | K75: 백화점 MD | L75: 28~34 | M75: ~165 | N75: ISTP | O75: 무관 | P75: 무교 | Q75: 동일 | R75: 무관 | S75: 책임감 강하고 활동적인 것을 좋아함. 테토/에겐 반반 | T75: 행동이 귀엽고 대화를 잘하는, 웃을 때 예쁘신 분 | U75: 0 | V75: 배려있고 저를 먼저 생각해주는 사람 | W75: 0
A76: 382 | C76: 1 | E76: 1 | F76: 1 | G76: 여 | H76: 오예성 | I76: 36 | J76: 156 | K76: 디자이너 | L76: 31~38 | M76: 170~ | N76: Istj | O76: 무관 | P76: 기독교 | Q76: 무관 | R76: 회사원, 무관 | S76: 성격은 잘 웃고 긍정적인 편이고 회복탄력성이 좋은것 같아요. 저 스스로를 꾸미는걸 좋아해서 스타일 좋고 어려보인다는 말도 자주 들어요 ! 디자이너라는 제 일에 대한 애정도 있구요 | T76: 티키타카가 잘 되고 본인 일에 성실하시고 동안이였으면 좋겠어요~! | U76: 0
A77: 387 | E77: 1 | G77: 여 | H77: 서지연 | I77: 36 | J77: 164 | K77: 티빙 광고사업부 | L77: 35~41 | M77: 175~ | N77: ENTJ | O77: 무관 | P77: 무교 | Q77: 본인과 동일 | R77: 기술직, 자영업, 공무원 | S77: 알수록 매력있는 사람 | T77: 다정하고 성실한 사람, 회피형 비선호 | U77: 0
A78: 62 | G78: 남 | H78: 한재성 | I78: 37 | J78: 183 | K78: 초등교사 | L78: 28~38 | M78: 165~175 | N78: ISTJ | O78: 무관 | P78: 무교 | Q78: 동일 | R78: 무관 | S78: 처음엔 낯을 가리고 친해지기에 시간이 걸리지만 친해지면 오래가는 사람 | T78: 외모도 중요하지만 성격과 코드가 잘 맞는 사람 | U78: 0 | V78: 175이상 밝은 긍정적인 사람 | W78: 0
A79: 379 | D79: 1 | G79: 남 | H79: 김광선 | I79: 37 | J79: 170 | K79: 헬스장/트레이너 | L79: 28~38 | M79: ~170 | N79: ESTP | O79: 무관 | P79: 기독교 | Q79: 무관 | R79: 무관 | S79: 착하고 약간의 내성적인 모습이 있습니다. | T79: 착하고 기분에 따라 행동하지 않는 사람. | U79: 0

Sheet 인원선정 최종
A1: No. | B1: 상시 | C1: 10일M | D1: 10일A | E1: 16일M | F1: 16일A | G1: 성별 | H1: 이름 | I1: 나이 | J1: 키 | K1: 직업(직장과 파트) | L1: 선호나이 | M1: 선호 키 | N1: MBTI | O1: 선호 MBTI | P1: 종교 | Q1: 상대 - 선호종교 | R1: 비선호 직군 | S1: 간단한 자기소개 | T1: 이상형 | U1: 건의사항
G2: 10일 11시
A3: 26 | C3: 1 | D3: 1 | G3: 남 | H3: 신희건 | I3: 33 | J3: 174 | K3: 공무원/소방공무원 | L3: 28~34 | M3: ~165 | N3: ISTJ | O3: INFP, ISFP, INFJ, ISTJ, ISFJ, ENFP, ESFP, ENFJ, ESFJ, ENTP, ESTP, ENTJ, ESTJ | P3: 무교 | Q3: 동일 | R3: 병원직군, 공무원, 연구직, 회사원 | S3: 해보고 싶은 것이 생기면 도전해보는 사람 | T3: 웃음이 많고 성격이 밝은 사람 | U3: 0
A4: 356 | C4: 1 | G4: 남 | H4: 정재우 | I4: 30 | J4: 182 | K4: 건국대학교 교직원 | L4: 24~34 | M4: ~175 | N4: ENFP | O4: 무관 | P4: 천주교 | Q4: 무관 | R4: 이야기를 같이 나누고 친해질수록 더 재미있고 매력을 많이 확인할 수 있습니다. | S4: 무관 | T4: 안녕하세요 내향적이지만 내사람한테는 재미있고 유머있는 밝은 성격입니다. 좋은 분과 맛있는 베이킹 하고싶어 나왔습니다. 잘 부탁드립니다. | U4: 0
A5: 19 | C5: 1 | G5: 남 | H5: 김광민 | I5: 28 | J5: 181 | K5: 회사원(플랫폼업체 영업직) | L5: 28~31 | M5: 160~170 | N5: ISFJ | O5: 무관 | P5: 무교 | Q5: 무관 | R5: 무관 | S5: 상대방에게 웃음을 주는 게 좋고 일상 대화를 하면서 평일에 받았던 스트레스가 풀리기도 합니다 처음에는 어색해하기도 하고 낯도 많이 가리기도 하지만 몇 번 얘기하다 보면 어색함도 풀리고 더 말을 걸고 있기도 합니다 일과 생활이 완벽하게 분리가 되어있어 일할 때는 일만 하고 쉴 때는 절대 일 생각도 안 하고 일 얘기도 안 하고 살아가고 있습니다 취미는 야구를 보러 다니고 주말 아침에 축구를 하러 나가고 있습니다 야구를 같이 보러 다니는 걸 좋아하며 맛있는 음식점이 생각나면 찾아가는것도 좋아합니다 집 데이트와 밖에서 하는 데이트를 한쪽으로 몰리지 않게 하는 걸 좋아합니다 연애 스타일은 주도적인 편은 아닌 거 같고 상대방에게 맞춰주는 편입니다 뭘 하든 대화를 통해 하려고 하며 싸우더라도 대화로 바로 푸는 스타일이며 한번 좋아하기 시작하면 정말 정말 많이 좋아하는 타입입니다 | T5: 안정적이며 대화가 잘 통하는 사람 연상이면 더 좋을거같고 연하는 선호하지 않습니다 | U5: 0
A6: 391 | C6: 1 | G6: 남 | H6: 이원준 | I6: 27 | J6: 180 | K6: 약국(사무직) | L6: 24~31 | M6: 160~165 | N6: INFP | O6: 무관 | P6: 무교 | Q6: 무관 | R6: 무관 | S6: 성실하고 다정한 사람 | T6: 강아지상에 손 예쁘고 쌍커풀 있는 사람 | U6: 0
A7: 41 | B7: 1 | C7: 1 | G7: 여 | H7: 김수경 | I7: 26 | J7: 171 | K7: 보령 제약회사, 학술팀 | L7: 24~34 | M7: 180~ | N7: INTP, ISTP 둘다 나와요 | O7: ISTJ, INTJ, ISFJ, ESFJ, ESTP, ENTJ, ESTJ | P7: 무교 | Q7: 동일 | R7: 자영업 | S7: 처음에는 낯을 가리는데 1:1로 보면 말을 많이 하는 사람인것 같아요〰 털털한 것 같고 사람들을 웃기는 걸 좋아하는데 또 저도 잘 웃는 것 같습니다. 운동을 좋아하고 잘하는 편이에요 | T7: 외적인건 코가 예쁘고 눈이 날카롭지 않은 사람이 좋은 것 같아요. 내적으로는 똑똑하고 지혜롭고 감정기복 없고 성실한 사람이 좋습니다. 잘 웃는 사람도 좋아요! | U7: 0
A8: 305 | B8: 1 | C8: 1 | G8: 여 | H8: 박세란 | I8: 26 | J8: 164 | K8: 삼성서울병원 건강의학본부 임상병리사 | L8: 24~31 | M8: 170~ | N8: ISFJ | O8: 무관 | P8: 무교 | Q8: 동일, 무관 | R8: 자영업 | S8: 배려, 차분, 리액션 퀸 | T8: 따뜻, 섬세, 안정형 | U8: 0
A9: 34 | C9: 1 | D9: 1 | G9: 여 | H9: 김성연 | I9: 27 | J9: 169 | K9: 광고대행사 마케팅 | L9: 28~34 | M9: 170~ | N9: ESFP | O9: 무관 | P9: 무교 | Q9: 무관 | R9: 무관 | S9: 챙겨주고 챙김받는 거 좋아하는 사람 온전히 집중할 줄 아는사람 밝고 활동적인사람 | T9: 술 많이 좋아하지않고 거짓말하지않는 사람 자기일 잘 하고있고 자격지심없는사람 | U9: 0
A10: 389 | C10: 1 | D10: 1 | G10: 여 | H10: 박선아 | I10: 28 | J10: 163 | K10: 대학병원(수원)간호사 | L10: 28~31 | M10: 175~180 | N10: INFJ/ENFJ | O10: ISFJ, ENFJ, ESFJ, ESTJ | P10: 무교 | Q10: 동일 | R10: 병원직군, 자영업, 공무원 | S10: 처음엔 낯가리지만 친해지면 장난치는 걸 좋아하고 때론 진지한 대화를 나누며 깊은 생각들을 나누는 걸 좋아하는 사람 | T10: 친구같이 장난스러우면서도 다정하고 배려가 많은 사람 | U10: 0 | X10: 장동철 | Y10: 29일
G11: 10일 16시
A12: 380 | D12: 1 | G12: 남 | H12: 이성균 | I12: 35 | J12: 167 | K12: 바이브 마케터 / 기획팀 | L12: 28~38 | M12: ~170 | N12: estp | O12: 무관 | P12: 무교 | Q12: 무관 | R12: 병원직군, 기술직, 공무원, 회사원 | S12: 겉차속따! | T12: 할말 잘하는 사람 / 고양이상 | U12: 0
A13: 381 | D13: 1 | G13: 남 | H13: 김광선 | I13: 37 | J13: 170 | K13: 헬스장/트레이너 | L13: 28~38 | M13: ~170 | N13: ESTP | O13: 무관 | P13: 기독교 | Q13: 무관 | R13: 무관 | S13: 착하고 약간의 내성적인 모습이 있습니다. | T13: 착하고 기분에 따라 행동하지 않는 사람. | U13: 0
A14: 384 | C14: 1 | D14: 1 | G14: 남 | H14: 황원규 | I14: 35 | J14: 173 | K14: 성남문화원(공공기관)/사무 및 운영파트 | L14: 24~34 | M14: ~170 | N14: isfj | O14: INFP, ISFP, INFJ, INTJ, ISFJ, ENFP, ESFP, ENFJ, ESFJ, ENTP, ESTP, ENTJ, ESTJ | P14: 무교 | Q14: 동일 | R14: 무관 | S14: 잘웃고 배려심이 깊은사람, 같이 있으면 재밌고 편안함을 주는 사람, 알면 알수록 더 재미있는 사람 | T14: 잘웃고 착한사람, 교회 다니지 않고 담배 피지 않는 사람, 긴머리 | U14: 잘부탁드려요👍
A15: 13 | B15: 1 | D15: 1 | G15: 남 | H15: 권민재 | I15: 34 | J15: 168 | K15: 자영업자 (통신업, 법인 임원/개인사업자 대표) | L15: 28~34 | M15: ~160 | N15: ENTJ | O15: 무관 | P15: 무교 | Q15: 무관 | R15: 무관 | S15: 진취적, 성장과 성공을 목표로 하는 사람 | T15: 외적, 작고 아담한 스타일 (연예인, 박보영 남보라 윈터) 내적, 든든한 동료로서 미래를 함께 그려나갈 수 있는 분 | U15: 베이킹을 통해 인연을 만나는 자리가 있다는걸 처음 알았네요, 좋은 자리 만들어주셔서 감사합니다. 좋은 인연 만날 수 있기를 기원합니다🙏
A16: 387 | D16: 1 | G16: 여 | H16: 서지연 | I16: 36 | J16: 164 | K16: 티빙 광고사업부 | L16: 35~41 | M16: 175~ | N16: ENTJ | O16: 무관 | P16: 무교 | Q16: 동일 | R16: 기술직, 자영업, 공무원 | S16: 알수록 매력있는 사람 | T16: 다정하고 성실한 사람, 회피형 비선호 | U16: 0
A17: 217 | D17: 1 | G17: 여 | H17: 이정민 | I17: 31 | J17: 167 | K17: 어린이집 교사 | L17: 35~38 | M17: 175~180 | N17: isfp | O17: ESFJ | P17: 무교 | Q17: 동일 | R17: 무관 | S17: 배려심이 있으며 상대방을 편안하게 해주고 좋아하는 사람에게 적극적으로 내 마음을 표현할 수 있는 사람 | T17: 주말은 좋아하는 사람이랑 함께 보낼 수 있으며 다정다감하고 배려심이 있는 사람 | U17: 좋은 사람 만나서 좋은 인연 가지고 싶어요!
A18: 109 | D18: 1 | G18: 여 | H18: 엄승희 | I18: 34 | J18: 158 | K18: 공무원(녹지직) | L18: 35~38 | M18: 170~180 | N18: Isfp | O18: INFJ, ISFJ, ENFJ, ESFJ | P18: 무교 | Q18: 동일 | R18: 자영업, 공무원 | S18: 저는 전공을 살려 서울시에서 기술직 공무원으로 일하고 있습니다. 제가 일하므로써 이 사회가 굴러가고 제 전공으로 사람들에게 기여한다는 생각을 가지고 일에 임하고 있어요! 안정적이고 복지가 좋은 회사에 다니고 있다고 자부 할 수 있습니다ㅎㅎ 저는 이것저것 해보는 것도 좋아하고 여행,캠핑 등 활동적인 것들도 여러가지 도전해보는거를 좋아합니다. 하지만 이제는 혼자 하기보다는 좋은 분과 함께하는 도전을 하고 싶네요🤭 연애할때는 연애에 몰입하면 후회남지 않는 연애를 하는거 같아요 상대방을 최대한 배려해주고 아닌 부분은 대화를 통해 맞춰가는 연애를 추구해요 | T18: 기본적으로 다정한 분 좋아하구, 술자리&술 잦으신분들은 죄송합니다. 저는 연애에서 연락과 책임감을 중요하게 여겨요! 연락은 하루종일 붙잡고 있는게 아니더라도 상대가 궁금하거나 답답해하지 않을 정도는 해줘야 한다고 생각해요 그리고 관계에 책임감이 없는분은 작은 위기라도 같이 극복하기 어렵다고 생각하는 편이에요 ㅎㅎ *회피형 지양합니다 연애 및 결혼은 쿵짝 맞는 최고의 동반자를 찾는 과정이라고 생각해요. 그렇기 때문에 연애에서 서로에게 좋은 영향을 줄 수 있는 관계가 되었으면 좋겠어요 누군가에게 결핍이 있다면 채워줄 수 있고 서로 밀고 끌어줄 수 있는 관계요! 또 저는 상대방을 최대한 이해하려고 노력하고 맞추려고 하기때문에 상대도 본성이 선한 책임감 있는 분이 었으면 좋겠어요 | U18: 이상형에 적합한 답변을 내주신 분과 매칭해주세요 | W18: 0
A19: 237 | C19: 1 | D19: 1 | E19: 1 | F19: 1 | G19: 여 | H19: 김다은 | I19: 30 | J19: 158 | K19: 서울시 공무원 | L19: 31~34 | M19: 170~180 | N19: Isfj | O19: 무관 | P19: 무교 | Q19: 동일 | R19: 0 | S19: 차분한 사람..? | T19: 0 | U19: 0
A20: 375 | D20: 1 | G20: 여 | H20: 정다혜 | I20: 35 | J20: 168 | K20: 오스비스 생산팀 | L20: 31~41 | M20: 170~ | N20: INFP | O20: 무관 | P20: 무교 | Q20: 동일 | R20: 무관 | S20: 가만히 있는 걸 못 참고 이것저것 도전하고 재미 찾는 거 좋아하는 사람이에요 | T20: 긍정적이고 외향적인 사람 | U20: 0
A21: 383 | B21: 1 | C21: 1 | D21: 1 | E21: 1 | F21: 1 | G21: 여 | H21: 추지혜 | I21: 32 | J21: 164 | K21: 웹에이전시, 웹 개발자 | L21: 28~34 | M21: 175~ | N21: INFJ | O21: INFP, INFJ, INTJ, ENFP, ENFJ, ENTP, ENTJ | P21: 무교 | Q21: 동일 | R21: 무관 | S21: 말하는 것보다 들어주는 것을 좋아하고, 내 사람에게는 한없이 세심해지는 '겉차속따'입니다. 저는 화려한 말솜씨보다는 상대방의 이야기에 귀 기울이고 공감하는 시간을 더 소중히 여겨요. MBTI는 F이지만 일처리나 고민을 해결할 때는 T 성향이 강해서, 다정하면서도 든든한 조언자가 되어드리기도 합니다. 낯을 조금 가릴 순 있어도 '내 사람'이라는 확신이 들면 누구보다 세심하고 다정하게 챙겨주는 편이에요. 외적으로는 농담곰 캐릭터를 닮았다고 듣습니다. 취미로는 뜨개질처럼 손으로 만들면서 차분하게 집중할 수 있는 활동입니다. 정성을 담아 무언가를 만드는 시간을 좋아합니다. | T21: 말을 잘하고 밝은 웃는게 잘 어울리는 무해한 대형견같은 사람 | U21: 0
A22: 378 | B22: 1 | C22: 1 | D22: 1 | G22: 여 | H22: 전지은 | I22: 32 | J22: 165 | K22: 간호사(서울대병원소아응급실) | L22: 31~38 | M22: 175~ | N22: ESFJ | O22: 무관 | P22: 무교 | Q22: 동일 | R22: 병원직군, 기술직, 연구직, 회사원 | S22: 밝고 열심히 살고 나름 다정한 사람 | T22: 다정하고 나에게 안정감을 주는 사람 | U22: 0
A23: 374 | D23: 1 | G23: 여 | H23: 허진영 | I23: 30 | J23: 159 | K23: SMC 간호사 5서병동 | L23: 28~ | M23: 175~ | N23: ESTP | O23: INTJ, INTP, INFJ, ISTJ, ISTP, ISFJ, ENTJ, ENTP, ENFJ, ENFP, ESTJ, ESTP, ESFJ, ESFP | P23: 무교 | Q23: 동일 | R23: 병원직군, 기술직, 자영업, 공무원, 연구직, 회사원, 무관 | S23: 반갑습니다 정말 잘해보고 싶어요~ | T23: 긍정적이고 선입견이 없습니다 | U23: 0
A24: 9 | G24: 여 | H24: 백은지 | I24: 33 | J24: 168 | K24: 해운회사 (서류 및 오퍼레이션 파트) | L24: 25~40 | M24: 175~ | N24: INFJ | O24: INTJ, ISTJ, ISTP, ENTJ, ENFP, ESFJ, ESFP | P24: 무교 | Q24: 동일 | R24: 공무원 | S24: 안녕하세요! 제 짝꿍을 찾고 싶어 지원하게 된 33살 백은지 입니다. 마지막 연애를 한 지 2년이 다 되어 가는데, 직전 연애가 자만추인 탓일까요? 연애를 시작을 못하고 있습니다. 이제는 씨가 말랐다고 아무리 찾아도 괜찮은 남자가 없다는 친구들이 그래도 숨은 사람을 찾아 찾아서 소개를 해주는데 소개팅도 참 쉽지가 않더라구요. 소개팅이다보니 대화보다는 그래도 외모에서 일단 호감이 생겨야 하는 탓인거 같아요. 너무 신중한 탓에 연애 시작이 쉽지 않은 저에게 이 케미스트리 오븐이 좋은 사람을 짝지어줄것만 같아요! 소개팅인 듯 아닌 듯 자만추인 듯 아닌 듯 베이킹 하는 시간 동안 혹은 자연스러운 대화속 상대방의 성격, 성향도 자연스럽게 파악 할 수 있어 더 좋은 기회 일 것이라는 생각이 듭니다 조금간략히 저에대해 말씀드리자면 취미로는 요가, 독서 좋아하구요 정적인 걸 좋아하면서도 활동적인 것도 너무 좋아합니다. 아무래도 상대방에게 맞추려는 편이다 보니 평소에 안하던 활동적인 걸 하면 새롭게 해보는게 많아서 너무 좋더라구요! 저랑 조금은 비슷하지만 조금은 다른 성향으로 서로에게 새로운 경험과 긍정적인 영향을 줄 수 있는 사람을 만나고 싶습니다. | T24: 포용력 있고 몸도 마음도 건강하신 분 | U24: 0
A25: 379 | D25: 1 | G25: 여 | H25: 서예슬 | I25: 34 | J25: 164 | K25: 삼성서울병원, 외래간호5파트 | L25: 30~40 | M25: 170~180 | N25: ISFP | O25: 무관 | P25: 무교, 기독교 | Q25: 동일, 무관 | R25: 0 | S25: 무던하고 상냥한 사람이고 운동(특히 러닝), 요리, 산책,영화를 좋아해요!유순한성격 ,밝은미소! | T25: 긍정적이고 예의바른사람 | U25: 0
A26: 382 | C26: 1 | E26: 1 | F26: 1 | G26: 여 | H26: 오예성 | I26: 36 | J26: 156 | K26: 디자이너 | L26: 31~38 | M26: 170~ | N26: Istj | O26: 무관 | P26: 기독교 | Q26: 무관 | R26: 회사원, 무관 | S26: 성격은 잘 웃고 긍정적인 편이고 회복탄력성이 좋은것 같아요. 저 스스로를 꾸미는걸 좋아해서 스타일 좋고 어려보인다는 말도 자주 들어요 ! 디자이너라는 제 일에 대한 애정도 있구요 | T26: 티키타카가 잘 되고 본인 일에 성실하시고 동안이였으면 좋겠어요~! | U26: 0
A27: 159 | C27: 1 | G27: 여 | H27: 임지현 | I27: 33 | J27: 157 | K27: 신한DS 라이프개발팀(신한라이프) | L27: 31~38 | M27: 175~ | N27: ISTP | O27: ISFP, INTP, ISTP, ISTJ, INTJ, ISFJ, ESFP, ESFJ, ENTP, ESTP, ENTJ, ESTJ | P27: 무교 | Q27: 무관 | R27: 무관 | S27: 솔찍하고 담백하지만 밝은 기운이 있는 사람 | T27: 다정하고 솔찍하고 웃을때 예쁜 남자 | U27: 0
G28: 11일 10시
A29: 280 | G29: 남 | H29: 정유민 | I29: 32 | J29: 170 | K29: 드라마,영화 캐스팅디렉터 | L29: 28~34 | M29: ~165 | N29: ISFP | O29: 무관 | P29: 무교 | Q29: 무관 | R29: 자영업 | S29: 항상 남들에게 배려해주고 자기 일 열심히 하는 사람 입니다 | T29: 자기 할일 열심히하는 사람이 이상형 입니다 | U29: 빵만드는것도 좋아하고 요리도 좋아하는 사람 만나고 싶습니다
A30: 363 | G30: 남 | H30: 진수환 | I30: 29 | J30: 173 | K30: 서비스 기획자(위드시스템, 기획팀) | L30: 24~31 | M30: ~170 | N30: ENFJ | O30: 무관 | P30: 무교 | Q30: 동일 | R30: 무관 | S30: 활동적이고 긍정적인 사람, 감정기복이 적고 공감을 잘 하여 편안하고 듬직하다는 말을 많이 듣습니다. | T30: 비흡연자, 피부 하얗고 귀여운 스타일, 뚱뚱하지 않은 체형, 예의바르고 표현 잘 하는 사람 | U30: 이번주 4/18일 일정 제외하고는 가능할 것 같습니다.
A31: 340 | C31: 1 | E31: 1 | G31: 남 | H31: 이정현 | I31: 27 | J31: 183 | K31: 삼성서울병원/ 보안팀 | L31: 20~31 | M31: ~175 | N31: ISTJ | O31: 무관 | P31: 기독교 | Q31: 무관 | R31: 외적으로는 반묶음 잘 어울리시는 귀여운 사람. 내적으로는 대화 잘 통하고 예의있는 사람! | S31: 0 | T31: 평소엔 조용하지만 편해지면 생각보다 수다스럽고 장난기도 많아요. 꾸준히 운동하면서 스스로를 관리하려고 노력 중입니다. 사람 사이에서는 예의와 배려를 가장 중요하게 생각합니다. | U31: 이번달이 어려우면 다음달도 한 번 참여해보고싶습니다. | W31: 0
A34: 372 | B34: 1 | D34: 1 | G34: 여 | H34: 케리스/하은 | I34: 28 | J34: 174 | K34: 영어 강사 | L34: 28~38 | M34: 175~ | N34: INFJ | O34: 무관 | P34: 무교 | Q34: 무관 | R34: 무관 | S34: 저는 친절하고 솔직한 사람이에요. 요리하고 베이킹하는 걸 좋아해요. 다른 사람들을 행복하게 해주는 걸 좋아하고, 제가 사랑하는 사람들을 위해서라면 뭐든지 다 해요. | T34: 새로운 걸 시도하는 걸 좋아하는 사람이 좋아요. 운동하고 여행하는 것도 좋아했으면 좋겠어요. 배려심 있고 친절하고, 매너가 좋은 사람이면 더 좋아요. | U34: 초청 (5월 10일 15시)
A35: 28 | E35: 1 | G35: 여 | H35: 최규인 | I35: 28 | J35: 170 | K35: 삼성서울병원/ 소아청소년과 연구간호사 | L35: 30~35 | M35: 175~ | N35: ENFP | O35: 무관, INTJ, INFJ, ISFJ, ISFP, ENTJ, ENFJ, ENFP, ESTJ, ESFJ, ESFP | S35: 안녕하세요, 저는 97년생 간호사입니다! 삼성서울병원을 첫 직장으로 시작하여 현재는 연구 간호사로 근무 중입니다. 성격은 밝고 사람들과 원만하게 잘 지내는 편입니다. 처음에는 차분해 보일 수 있지만 친해지면 장난기도 많고 다정한 성격이에요! 송파구 거주 중이고 두쫀쿠도 만들면 좋은 인연을 만들고 싶어 지원합니다! :) 처음엔 조금 딱딱하거나 차분해 보일 수 있지만, 알고 보면 속은 말랑하고 달달합니다! 친해지면 장난도 많이 치고, 주변 사람들을 기분 좋게 해주는 은은한 향기 같은 배려를 하려고 노력해요. | T35: 170cm/50kg로 키가 크고 얼굴이 작은 편이라 비율이 좋다는 말을 자주 듣습니다! 면접/상견례 프리패스 상이라는 말 듣고 부업으로 모델 일도 잠깐 했었습니다. 성격 면에서는 주변 사람들을 세심하게 잘 챙기려고 합니다. 근무는 9-5시로 해서 워라벨이 좋은 편이고, 경제적인 부분도 중요하다고 생각하여 열심히 저축하고 있습니다! 부모님 지원 덕에 또래보다 많이 모은 편인 것 같습니다.
A36: 15 | E36: 1 | G36: 여 | H36: 신나리 | I36: 34 | J36: 155 | K36: PTKorea (광고대행사/퍼포먼스미디어 파트) | L36: 30~40 | M36: 170~ | N36: ENFJ | O36: INTJ, INTP, ISTJ, ISTP, ISFJ, ISFP, ENTJ, ENTP, ENFJ, ESTJ, ESTP, ESFJ | P36: 무교 | Q36: 무관 | R36: 무관 | S36: 안녕하세요! 광고대행사에서 마케팅 업무를 하고 있습니다. 항상 반복된 일상에 새로움이 없었는데, 이번 기회를 통해 베이킹도 배우고 새로운 분들과 재미있는 추억 만들고 싶어요! (겉바속촉) 반전매력 (외모는 에겐 / 성격은 테토) | U36: 단단한내면 긍정적이고 유연한 마인드 운동등 자기관리를 잘하고 패션센스도 어느정도 있는사람
G39: 16일 16시
A40: 376 | F40: 1 | G40: 남 | H40: 오상현 | I40: 33 | J40: 176 | K40: 현대백화점 이커머스 | L40: 28~34 | M40: 160~165 | N40: estj | O40: ESFP, ENFJ, ENTP, ESTP, ENTJ | P40: 무교 | Q40: 동일 | R40: 공무원 | S40: 성실하고 책임감 있고 자기관리하는 사람입니다. | T40: 발전적이고 자기일 열심히 하고 관리하는 사람. 밝고 긍정적인 성격의 소유자 선호. | U40: 초청
A41: 336 | G41: 남 | H41: 김논형 | I41: 35 | J41: 177 | K41: 서울교통공사 사무 | L41: 28~34 | M41: ~170 | N41: ENTJ | O41: INTJ, ENTP | P41: 천주교 | Q41: 무관 | R41: 무관 | S41: 운동과 공부가 취미인 자기계발을 좋아하는 사람 | T41: 존중할 수 있는 사람 | U41: 0
A42: 370 | B42: 1 | D42: 1 | G42: 남 | H42: 유택현 | I42: 31 | J42: 183 | K42: 인터컨티넨탈호텔 조리팀 | L42: 24~34 | M42: ~170 | N42: Esfj | O42: 무관, ISTP | P42: 무교 | Q42: 무관 | R42: 무관 | S42: 다정하고 재밌는사람인거같습니다 | T42: 외적인건 하얀사람을 좋아하고 같이있을때 편하고 재밌는사람이 좋습니다. | U42: 0
A43: 386 | C43: 1 | D43: 1 | G43: 남 | H43: 박성현 | I43: 31 | J43: 178 | K43: cj제일제당 기술직 | L43: 24~34 | M43: 무관 | N43: isfp | O43: 무관 | P43: 무교 | Q43: 동일 | R43: 무관 | S43: 차분하고 침착한 사람 | T43: 서로 존중하고 긍정적인사람 | U43: 0
A44: 297 | B44: 1 | G44: 남 | H44: 최봄 | I44: 29 | J44: 174 | K44: 영상의학과 방사선사 | L44: 20~31 | M44: 무관 | N44: INFJ | O44: 무관 | P44: 무교 | Q44: 무관 | R44: 병원직군 | S44: 섬세하고 대화를 좋아하는 사람 | T44: 티키타카가 잘 되는 사람 | U44: 나이가 비슷했으면 좋겠습니다.
A45: 214 | D45: 1 | E45: 1 | F45: 1 | G45: 여 | H45: 고도연 | I45: 28 | J45: 158 | K45: 삼성서울병원, 신생아중환자실 간호사 | L45: 25~35 | M45: 175~185 | N45: Istp | O45: INTJ, INTP, INFJ, ISTJ, ISTP, ISFJ, ISFP, ENTJ, ENTP, ENFJ, ESTJ, ESTP, ESFJ, ESFP | P45: 무교 | Q45: 동일 | R45: 0 | S45: 안녕하세요! 저는 올해로 4년차 직장인이 된 고도연입니다. 베이킹에 관심은 많지만 1인 가구의 특성상 빵을 만들기는 어려운 현실입니다•• 매번 눈여겨 보고 있던 케미스트리 오븐을 통해 사람들과 두쫀쿠를 만들며 1월 행복하게 마무리 해보고 싶습니다 ☺️ •• 겉으로는 바삭 딱딱해보이지만 속은 부드럽(?)답니다. 긍정적이고 웃음이 많고 여러 사람과 어울리는 것을 잘합니다 :) | T45: 0 | U45: 0
A46: 388 | E46: 1 | F46: 1 | G46: 여 | H46: Liv | I46: 29 | J46: 155 | K46: 헤어&메이크업 아티스트 | L46: 28~31 | M46: 175~180 | N46: INFP | O46: ENFP | P46: 무교 | Q46: 무관 | R46: 무관 | S46: 다정하고 잘 웃고 새로운 곳 탐험하는걸 좋아하는 사람 | T46: 나랑 비슷한 사람, 착하고 재미있는 사람인데 나보다 더 외향적이야 | U46: 초청
A47: 298 | E47: 1 | F47: 1 | G47: 여 | H47: 전민정 | I47: 31 | J47: 160 | K47: 교육청 7급주무관 | L47: 31~38 | M47: 175~ | N47: Infp | O47: 무관 | P47: 무교 | Q47: 무관 | R47: 무관 | S47: 착하다? | T47: 피부좋고 남자다운분 | U47: 0
A48: 20 | E48: 1 | F48: 1 | G48: 여 | H48: 이현주 | I48: 28 | J48: 165 | K48: 서울시 공무원 | L48: 25~35 | M48: 175~185 | N48: intp | O48: 무관 | P48: 무교 | Q48: 무관 | R48: 자영업, 공무원 | S48: 안녕하세요! 잘 부탁드립니다 모든 것에서 좋은 점을 찾을 수 있다 ! | T48: 깔끔한 인상에 자기관리 잘하고 웃는게 이쁜 사람. 운동 꾸준히 하고 피부를 잘 가꾸는 사람.
A49: 331 | B49: 1 | C49: 1 | D49: 1 | G49: 여 | H49: 이지현 | I49: 27 | J49: 164 | K49: 보건직 | L49: 28~34 | M49: 175~ | N49: ESFJ | O49: ENTJ제외 | P49: 무교 | Q49: 동일 | R49: 병원직군, 자영업 | S49: 상대에게 잘 맞춰줄 수 있고, 활발하고 다양한 경험을 하는걸 좋아합니다. 스키, 수영, 등산 | T49: 다정다감, 성숙한, 회피형 싫고, 예의바른,
A50: 350 | B50: 1 | F50: 1 | G50: 여 | H50: 서다솜 | I50: 26 | J50: 164 | K50: 치과위생사 | L50: 24~31 | M50: 175~ | N50: ESFP | O50: INFP, ISFP, ISTP, INFJ, ISTJ, INTJ, ISFJ, ENTP | P50: 무교 | Q50: 동일 | R50: 무관 | S50: 밝고 도전을 좋아하는 사람 | T50: 도전적이고, 자기 할 일에 열정적인 사람 / 나한테만 다정한 사람 | U50: 초청
A51: 276 | F51: 1 | G51: 여 | H51: 이혜원 | I51: 33 | J51: 163 | K51: 교사 | L51: 33~38 | M51: 175~180 | N51: estp | O51: 무관 | P51: 천주교 | Q51: 무관 | R51: 공무원 | S51: 차분하고 이해심이 있음 | T51: 자상하고 부드러운사람 | U51: 없음
A57: 339 | C57: 1 | G57: 여 | H57: 김지연 | I57: 20 | J57: 155 | K57: 대학생 | L57: 20~27 | M57: 170~ | N57: Istp | O57: 무관 | P57: 무교 | Q57: 무관 | R57: 무관 | S57: 처음엔 어색해서 말도 잘 못걸고 뚝딱거리긴 하지만 조금씩 편해지면 말 많아져요!! | T57: 스스로를 잘 어울리게 꾸밀줄 아는 사람 | U57: 0
A58: No. | B58: 상시 | C58: 10일M | D58: 10일A | E58: 16일M | F58: 16일A | G58: 성별 | H58: 이름 | I58: 나이 | J58: 키 | K58: 직업(직장과 파트) | L58: 선호나이 | M58: 선호 키 | N58: MBTI | O58: 선호 MBTI | P58: 종교 | Q58: 상대 - 선호종교 | R58: 비선호 직군 | S58: 간단한 자기소개 | T58: 이상형 | U58: 건의사항
A59: 105 | B59: 1 | G59: 남 | H59: 안정진 | I59: 41 | J59: 176 | K59: 회사원(마케팅) | L59: 35~41 | M59: 165~180 | N59: INFJ | O59: 무관 | P59: 무교 | Q59: 동일 | R59: 무관 | S59: 차분하고 상냥한 사람. 차분한 첫인상 때문에 오해받기도 하지만, 알고 보면 꽤 장난기 넘치고 활발한 성격이에요. | T59: 제가 차분한 편이라, 밝고 에너제틱한 기운을 가진 분과 함께할 때 즐거움을 느낍니다. 겉모습을 화려하게 포장하기보다 자신의 있는 그대로를 사랑할 줄 아는 분이 이상형이에요. | U59: 0
A60: 225 | B60: 1 | G60: 남 | H60: 고성우 | I60: 40 | J60: 170 | K60: 바리스타 점장 | L60: 31~41 | M60: 무관 | N60: ISFP | O60: 무관 | P60: 무교 | Q60: 무관 | R60: 무관 | S60: 다정하고 배려있는남자 | T60: 밝은사람 | U60: 0
A61: 245 | B61: 1 | G61: 남 | H61: 이민현 | I61: 38 | J61: 170 | K61: 회사원(SK, 서비스기획) | L61: 31~38 | M61: 160~165 | N61: ESFJ | O61: 무관 | P61: 무교 | Q61: 무관 | R61: 무관 | S61: 낯을 조금 가리지만, 편안한 대화와 소소한 웃음을 좋아하는 사람입니다. 천천히 알아갈수록 괜찮은 사람이라는 말 자주 듣습니다. | T61: 대화가 편하고, 같이 있을 때 웃음 포인트가 맞는 분을 좋아합니다. | U61: 0
A62: 246 | B62: 1 | G62: 남 | H62: 장태진 | I62: 36 | J62: 176 | K62: 과일디저트 브랜드, 총괄팀장 | L62: 31~34 | M62: 160~165 | N62: DNFJ | O62: INFP, ISFP, INFJ, ISFJ, ENFP, ESFP, ENFJ, ESFJ | P62: 무교 | Q62: 무관 | R62: 무관 | S62: 공과사 구분확실, 모든지 최선, 경청배려 | T62: 서로를 위한 존경과 내조 | U62: 0
A63: 65 | B63: 1 | G63: 남 | H63: 남대우 | I63: 35 | J63: 175 | K63: 사업 | L63: 31~38 | M63: 160~165 | N63: isfj | O63: 무관 | P63: 불교 | Q63: 무관 | R63: 0 | S63: 솔직한사람 | T63: 솔직하고 반전있는 스타일 | U63: 0
A64: 244 | B64: 1 | G64: 남 | H64: 이성민 | I64: 34 | J64: 173 | K64: 배달전용프랜차이즈본사/대표 | L64: 28~34 | M64: ~170 | N64: ENTJ | O64: 무관 | P64: 기독교 | Q64: 무관 | R64: 무관 | S64: 목표가 정해지면 주저하지 않고 실행에 옮겨 효율적인 결과를 만들어내는 사람?인 것 같아요 | T64: 잘웃고, 잘먹고, 잘놀고, 본인업무에 성취감을 느끼는 사람 | U64: 요즘엔 버터떡이 유행이더라구요?!? 뭐든 좋긴해요!
A65: 158 | B65: 1 | G65: 남 | H65: 임용관 | I65: 34 | J65: 173 | K65: 회사원 / 개발자 | L65: 무관 | M65: 165~170 | N65: ENTJ | O65: INFP, ISFP, INTP, INFJ, ISTJ, INTJ, ISFJ, ENFP, ESFP, ENFJ, ESFJ, ENTP, ESTP, ENTJ, ESTJ | P65: 무교 | Q65: 무관 | R65: 무관 | S65: 일할 때는 집중해서 끝까지 파고드는 편이지만 평소에는 편하게 웃고 대화하는 시간을 좋아하는 사람입니다. 운동과 자기관리를 꾸준히 하면서 균형 있는 삶을 지향하고 있습니다. | T65: 잘 웃고 밝은 에너지를 가진 분에게 자연스럽게 끌립니다. 외적으로는 고양이상이나 여우상처럼 분위기가 또렷한 분을 선호하고, 웃을 때 매력이 느껴지는 분에게 호감을 느끼는 편입니다. | U65: 0
A66: 92 | B66: 1 | G66: 남 | H66: 서현석 | I66: 34 | J66: 168 | K66: 소프트웨어 개발자(RSQUARE 홈닷FE) | L66: 28~34 | M66: ~165 | N66: ENFJ | O66: 무관 | P66: 무교 | Q66: 동일 | R66: 무관 | S66: 평소에 성실하고 섬세하다는 말을 많이 듣습니다. | T66: 관계 유지에 노력을 기울이는 사람을 선호합니다. 외적으로는 작고 귀여운 두부상 스타일 좋아합니다. | U66: 0
A67: 315 | B67: 1 | G67: 남 | H67: 이겨레 | I67: 34 | J67: 170 | K67: 간호사 | L67: 28~38 | M67: ~170 | N67: INFP | O67: 무관 | P67: 무교 | Q67: 무관 | R67: 무관 | S67: 집돌이이지만 언제나 약속은 신나게 잡고 놀때는 누구보다 재밌어하는 INFP | T67: 자기관리 열심히 하며 놀때는 재밌게 놀고 쉴때는 또 늘어지게 쉬는 삶을 사는 사람 | U67: 날짜는 정해진게 아닌가요?
A68: 308 | B68: 1 | G68: 남 | H68: 박찬우 | I68: 33 | J68: 168 | K68: 한국원자력의학원 / 연구원 | L68: 20~34 | M68: ~170 | N68: ISTJ | O68: 무관 | P68: 무교 | Q68: 무관 | R68: 무관 | S68: #성실함 #신중함 #안정감 #호기심 많은 | T68: #다정함 #긍정적 #정돈됨 #주관있는 | U68: 0
A69: 338 | B69: 1 | G69: 남 | H69: 김민형 | I69: 32 | J69: 171 | K69: 제약회사 QC | L69: 24~34 | M69: ~170 | N69: INFJ | O69: 무관 | P69: 기독교 | Q69: 무관 | R69: 무관 | S69: 예의바른사람 | T69: 말이쁘게 하는 사람 | U69: 없습니다
A70: 338 | B70: 1 | G70: 남 | H70: 김민형 | I70: 32 | J70: 171 | K70: 제약회사 QC | L70: 24~34 | M70: ~170 | N70: INFJ | O70: 무관 | P70: 기독교 | Q70: 무관 | R70: 무관 | S70: 예의바른사람 | T70: 말이쁘게 하는 사람 | U70: 없습니다
A71: 326 | B71: 1 | G71: 남 | H71: 유만영 | I71: 31 | J71: 175 | K71: 요리사 | L71: 28~31 | M71: 160~170 | N71: ISFJ | O71: 무관 | P71: 무교 | Q71: 무관 | R71: 무관 | S71: 알면알수록좋은사람 | T71: 밝고 긍정적인 사람 | U71: 0
A72: 240 | B72: 1 | G72: 남 | H72: 김성중 | I72: 29 | J72: 175 | K72: 서울도시가스 (기술직) | L72: 24~27 | M72: ~165 | N72: ESTJ | O72: 무관 | P72: 무교 | Q72: 무관 | R72: 무관 | S72: 현실적이고 이상적이며 열심히 살고있는 개미에요 | T72: 애교 많고 청순한 스타일 | U72: 0
A73: 222 | B73: 1 | G73: 남 | H73: 송신욱 | I73: 29 | J73: 174 | K73: 영업직 | L73: 28~34 | M73: ~160 | N73: Estj | O73: 무관 | P73: 무교 | Q73: 동일 | R73: 무관 | S73: 도전적이고 현실적임 | T73: 상대방을 존중해주는 사람 | U73: 0
A74: 236 | B74: 1 | G74: 남 | H74: 김용재 | I74: 29 | J74: 166 | K74: 엔지니어 | L74: 24~34 | M74: ~170 | N74: INTP | O74: 무관 | P74: 무교 | Q74: 무관 | R74: 0 | S74: 좋은사람😄 | T74: 0 | U74: 0
A75: 355 | B75: 1 | G75: 남 | H75: 정건호 | I75: 29 | J75: 179 | K75: 기아 생산직 | L75: 24~31 | M75: 160~170 | N75: INTJ/INFJ | O75: INFP, INTP, INFJ, INTJ, ENFP, ENFJ, ENTP, ENFJ, ENTP, ESTP, ENTJ | P75: 무교 | Q75: 동일 | R75: 무관 | S75: 차분한 내향적인 꾸준한 | T75: 밝고 무던한 에너지 넘치는 | U75: 0
A76: 80 | G76: 남 | H76: 박준형 | I76: 31 | J76: 174 | K76: 패션마케터 | L76: 무관 | M76: 무관 | N76: ENFP | O76: 무관 | P76: 무교 | Q76: 동일 | R76: 무관 | S76: 밝게 웃으며 상대를 배려 하는 사람 | T76: 모자 안경이 잘 어울리는사람 | U76: 빵 만드는거 배워보고싶습니다
A77: 373 | B77: 1 | G77: 남 | H77: 남윤모 | I77: 26 | J77: 174 | K77: 외국계회사 공무부 안전관리자 | L77: 24~31 | M77: ~170 | N77: istj | O77: 무관 | P77: 기독교 | Q77: 무관 | R77: 무관 | S77: 신중하고 유쾌한사람 | T77: 활발한사람 | U77: 감사합니다. !
A78: 4 | G78: 여 | H78: 강영연 | I78: 45 | J78: 170 | K78: 회사원 | L78: 42~ | M78: 175~ | N78: ISFJ | O78: 무관 | P78: 천주교 | Q78: 무관 | R78: 무관 | S78: 다정하고 재밌는 사람 | T78: 다정하고 세심한 사람 | U78: 0
A79: 94 | B79: 1 | G79: 여 | H79: 성지원 | I79: 44 | J79: 165 | K79: 서울장곡초등학교 교사 | L79: 38~ | M79: 170~ | N79: Istj | O79: 무관, ISTJ, ISFJ, ESTJ | P79: 무교 | Q79: 무관 | R79: 병원직군, 연구직, 회사원 | S79: 차분하고 친해지면 귀여운 매력 | T79: 심신이 건강한 사람 | U79: 0
A80: 262 | G80: 여 | H80: 문화인 | I80: 43 | J80: 163 | K80: 미래에셋증권 마케팅 | L80: 35~ | M80: 175~ | N80: isfj | O80: ISFP, ISFJ, ESFP, ESFJ, ESTP | P80: 무교 | Q80: 무관 | R80: 자영업 | S80: 반전매력 따뜻하고 여린사람 | T80: 다정다감 연락잘되고 적극적인사람 | U80: 0
A81: 275 | G81: 여 | H81: 김라희 | I81: 43 | J81: 159 | K81: 프리랜서 운동 강사 | L81: 38~ | M81: 170~180 | N81: esfj | O81: ESFP, ENFJ, ESFJ, ESTP, ESTJ | P81: 무교 | Q81: 무관 | R81: 무관 | S81: 내성적이지만 내성적이지 않은 척하고 최대한 상대방을 배려하려고 하며 차분해도 여행 좋아하고 사람 좋아함. 사람좋아하지만 약속은 자주 잡지 않음. | T81: 사회성 좋고 재밌고 성격이 둥글둥글한 사람. | U81: 혹시 선정된다면 문자로 연락 부탁드립니다.
A82: 300 | B82: 1 | G82: 여 | H82: 손혜민 | I82: 41 | J82: 172 | K82: 무역회사 해외영업 | L82: 38~45 | M82: 180~ | N82: ESFP | O82: 무관 | P82: 무교 | Q82: 무관 | R82: 무관 | S82: 밝고 따뜻한 성격 | T82: 다정하고 유머있는 남자다운 사람 | U82: 키 중요하게 생각합니닷
A83: 342 | B83: 1 | G83: 여 | H83: 소재연 | I83: 41 | J83: 162 | K83: 재무팀에서 근무중입니다 | L83: 38~ | M83: 170~180 | N83: ENFP | O83: 무관 | P83: 불교 | Q83: 동일 | R83: 무관 | S83: 밝고 활동적인 사람 | T83: 키는 173이상이면 좋겠고 집돌이 보다는 같이 활동할 수 있는 사람이면 좋을 거 같아요 | U83: 비슷한 나이대면 좋을 거 같구..종교는 다수선택이 안되어서 그런데 독실한 기독교만 아니면 괜찮을 거 같아요(일요일은 무조건 교회)
A84: 17 | G84: 여 | H84: 김경선 | I84: 41 | J84: 164 | K84: 시립어린이집교사-주임교사 | L84: 38~41 | M84: 175~180 | N84: isfp-istj | O84: 무관 | P84: 무교 | Q84: 무관 | R84: 자영업 | S84: 164에 58-9 통통한 편이고, 참해보인다는 이야기를 종종듣는 인상입노다. 친해지면 털털하고 애교도 있는데, 낮가림이 있어 먼저 다가가 편해지는데 시간을 필요로 합니다. 올곧게 바르게 살았고, 앞으로도 그럴 예정입니다. 여행을 좋아하고 맛있는걸 좋아합니다^^ | T84: 너무 감수성이 높은 사람은 잘 안맞는것 같아요.유쾌하고 투명한 사람이 좋습니다. 성실한 사람이 좋습니다.노담이면 좋지만 아니어도 상관없고, 문신은 어려울것같습니다. | U84: 0
A85: 143 | G85: 여 | H85: 이유미 | I85: 41 | J85: 161 | K85: 핀에어 승무원 | L85: 38~ | M85: 170~ | N85: ESFJ-T | O85: ISTJ, ISFJ, ESTJ | P85: 무교 | Q85: 0 | R85: 무관 | S85: 딘순하고 밝고 유쾌함 | T85: 마음이 넓고 대화가잘통하는 편한사람 | U85: 0
A86: 321 | B86: 1 | G86: 여 | H86: 전혜린 | I86: 40 | J86: 165 | K86: 경찰병원 간호간병통합서비스 병동 | L86: 38~ | M86: 165~ | N86: ESFJ | O86: 무관 | P86: 불교 | Q86: 무관 | R86: 무관 | S86: 함께 있으면 비타민을 먹은 듯 에너지가 솟아나는, 긍정의 아이콘입니다. 막힘없이 시원시원한 성격으로 주변에 즐거움을 전하는 것을 좋아하는 사람입니다! | T86: 평소에는 똑부러지지만 가끔 보여주는 허당기나, 작은 일에도 아이처럼 환하게 웃으며 기뻐하는 순수한 모습의 사람 | U86: 0
A87: 129 | G87: 여 | H87: 이미소 | I87: 40 | J87: 168 | K87: 제약회사 품질보증팀 | L87: 38~ | M87: 175~ | N87: ISTP | O87: 무관 | P87: 무교 | Q87: 동일 | R87: 무관 | S87: 잘 웃고 다정한 사람. 성격이 둥글둥글해서 두루 좋게 지내나 어떤 면에선 좋고 싫은게 분명한 사람이에요. 가끔 말을 차갑게 할때가 있는데 그건 그냥 상황판단만 한거지 감정이 섞인건 아니에요 | T87: 착하고 따뜻한 사람.자존감이 낮지 않은 사람이 좋은 것 같아요. 그리고 상대방의 말을 잘 귀담아 듣고 기억해주는 사람이요. | U87: 0
A88: 285 | G88: 여 | H88: 최수진 | I88: 40 | J88: 167 | K88: 회사원 | L88: 31~ | M88: 170~180 | N88: ISTJ | O88: 무관 | P88: 무교 | Q88: 무관 | R88: 무관 | S88: 밝고 긍정적인 사람 | T88: 다정하고 매너있고 대화가 통하는사람 | U88: 0
A89: 258 | G89: 여 | H89: 최수진 | I89: 40 | J89: 167 | K89: 장애인스포츠지도사 | L89: 무관 | M89: 170~180 | N89: ISTJ | O89: 무관 | P89: 무교 | Q89: 무관 | R89: 무관 | S89: 긍정적이고 밝은 사람인거같아요! | T89: 매너있고 다정한사람
A90: 168 | G90: 여 | H90: 전혜린 | I90: 40 | J90: 165 | K90: 경찰병원 간호간병통합서비스 병동근무중 | L90: 38~ | M90: 무관 | N90: ESFJ | O90: 무관 | P90: 무교 | Q90: 무관 | R90: 자영업 | S90: 유쾌하고 호탕함 | T90: 차분한사람, 내말 잘들어주는 사람 | U90: 외모중심이라면 pass
A91: 137 | G91: 여 | H91: 이수연 | I91: 40 | J91: 164 | K91: 유통사 재무팀 | L91: 38~41 | M91: 175~180 | N91: ISTP | O91: 무관 | P91: 천주교 | Q91: 무관 | R91: 무관 | S91: 운동을 즐겨하고 조용하게 시간 보내는걸 좋아합니다:-) | T91: 행동이 상식적이고 대화가 잘 통하는 사람 | U91: 0
A92: 287 | G92: 여 | H92: 지현선 | I92: 40 | J92: 163 | K92: 상급종합병원, 수술실 | L92: 42~ | M92: 175~ | N92: ISFP | O92: 무관 | P92: 무교 | Q92: 무관 | R92: 기술직, 공무원, 연구직, 회사원 | S92: 배려있고 웃음이 많은 사람 | T92: 유머러스한 사람 | U92: 0
A93: 60 | G93: 여 | H93: 김진리 | I93: 40 | J93: 157 | K93: 사무직(주임) | L93: 무관 | M93: 175~180 | N93: INFP | O93: 무관, ISTJ, INTJ, ENTJ, ESTJ | P93: 무교 | Q93: 무관 | R93: 무관 | S93: 동안/사랑스러움 | T93: 표현잘하는 사람 | U93: 0
A94: 209 | G94: 여 | H94: 황혜선 | I94: 40 | J94: 155 | K94: 학교,학원 바이올린 선생님 | L94: 38~ | M94: 170~180 | N94: ENFP | O94: 무관 | P94: 천주교 | Q94: 무관 | R94: 기술직, 자영업 | S94: 잘 웃고 마음이 따뜻한 사람 | T94: 한결같고 티키타카가 잘 되는 사람. 표현이 많은 솔직한 사람 | U94: 0
A95: 234 | B95: 1 | G95: 여 | H95: 유서희 | I95: 39 | J95: 160 | K95: 대학원생 | L95: 38~ | M95: 175~ | N95: INFJ | O95: 무관 | P95: 무교 | Q95: 무관 | R95: 무관 | S95: 예쁜편. 단아하고 지적인 이미지. 자기 감정 스스로 책임질줄 아는 사람. 다양한 관점에서 세계관 상상하길 좋아하는 사람. 상대방을 있는 그대로 바라보고 존중하려 노력하는 사람. | T95: 상대방을 존중할 줄 아는 사람. 문제 해결력 좋은 사람. 단정한 사람. | U95: 0
A96: 351 | B96: 1 | G96: 여 | H96: 성이서 | I96: 39 | J96: 169 | K96: 공기업비서 | L96: 35~45 | M96: 175~ | N96: ISTP | O96: 무관 | P96: 기독교 | Q96: 무관 | R96: 병원직군, 기술직, 공무원, 연구직, 회사원 | S96: 감정에 솔직하고 자기관리 잘 되어있는 좋은 사람 | T96: 포용력 있고 몸도 마음도 건강하신 분 | U96: 0
A97: 218 | G97: 여 | H97: 김주연 | I97: 39 | J97: 166 | K97: 홍대 방탈출카페 점장 ( 책임자 및 관리 ) | L97: 35~41 | M97: 180~ | N97: ISFJ | O97: INFJ, ISFJ, ENFJ | P97: 무교 | Q97: 동일 | R97: 자영업, 무관 | S97: 나쁘지 않은 괜찮은 사람. 마음이 예쁜 사람. | T97: 1. 자기 앞가림은 할수있는사람 2. 가족,가정의 소중함을 아는사람 3. 인생의 순위에서 내가 0순위가 될수있는사람 4. 본인의 가족만큼 나의주변과 가족도 챙길줄 아는사람 5. 마주보고 밥먹을때 비위상하지 않는사람 (2세에게 미안하긴 싫어서) 6. 다정한 사람 7. 술 절제할줄 아는사람 (안마시면 더 좋고) 8. 빚 없는사람 ( 나도 없으니 ) 9. 자기관리 할줄 아는사람 10. 책임감이 있는사람 마지막으로 미래가 있는사람 (크게 정해놓은 틀이 아니더라도 성실하고 부지런하고 안정적인 환경을 가진사람) | U97: 좋은 자리에 좋은 짝을 만날수 있을때 매칭되었으면 좋겠습니다🩷
A98: 87 | G98: 여 | H98: 배민정 | I98: 39 | J98: 165 | K98: 현대모비스 진천공장 | L98: 38~41 | M98: 무관 | N98: ENTP | O98: INFP, INTP, INFJ, INTJ, ENFP, ENFJ, ENTP, ENTJ | P98: 무교 | Q98: 무관 | R98: 무관 | S98: 감정이 얼굴에 들어날 정도로 약간 솔직한편 입니다. (남에 대한것이 아닌 제 감정에 솔직히 말하는편) 말로 서로 조율하는걸 선호 하는 편 입니다. 성격은 약간 테토스러운 면이 있습니다 먼저 사과하고 먼저 연락 잘 합니다 | T98: 느낌이 좋고 말이 잘 통하며 유머가 있었으면 합니다 | U98: 특이사항 없습니다. 아 지방사람이라 주말에만 가능 합니다
A99: 264 | G99: 여 | H99: 류혜영 | I99: 39 | J99: 164 | K99: 간호사 | L99: 38~45 | M99: 175~180 | N99: Istp | O99: 무관 | P99: 천주교 | Q99: 무관 | R99: 병원직군, 공무원 | S99: 성실하고 책임감있는 사람 | T99: 다정한사람 | U99: 0
A100: 160 | G100: 여 | H100: 임혜성 | I100: 39 | J100: 164 | K100: 웹디자이너 | L100: 35~41 | M100: 175~180 | N100: ESFJ | O100: ENFJ, ESFJ | P100: 무교, 불교 | Q100: 동일 | R100: 무관 | S100: 밝고 친근한사람? | T100: 진중하고 자상한분 | U100: 0
A101: 249 | G101: 여 | H101: 지현선 | I101: 39 | J101: 163 | K101: 상급종합병원 간호사 | L101: 38~41 | M101: 175~ | N101: ISFP | O101: 무관 | P101: 무교 | Q101: 무관 | R101: 자영업 | S101: 따뜻한 사람 | T101: 유머러스하고 배려심많은 사람
A102: 100 | G102: 여 | H102: 신영랑 | I102: 39 | J102: 163 | K102: 공무원 | L102: 35~38 | M102: 175~180 | N102: isfp | O102: 무관 | P102: 무교 | Q102: 동일 | R102: 무관 | S102: 솔직하고 신뢰를 중시하는 사람 | T102: 다정하고 재밋는 사람 | U102: 0
A103: 200 | G103: 여 | H103: 한미향 | I103: 39 | J103: 160 | K103: 대학병원 교육간호사 | L103: 38~ | M103: 175~ | N103: ENTP | O103: 무관 | P103: 무교, 불교 | Q103: 동일 | R103: 무관 | S103: 알록달록 무지개 | T103: 차분하고 편안한 사람 | U103: 0
A104: 28 | G104: 여 | H104: 김민정 | I104: 39 | J104: 153 | K104: 유치원교사 | L104: 35~41 | M104: 170~180 | N104: esfj | O104: 무관 | P104: 무교 | Q104: 동일 | R104: 자영업 | S104: 긍정적이고 활동적인 사람 | T104: 대화가 잘되는 사람 | U104: 0
A105: 128 | B105: 1 | G105: 여 | H105: 이미나 | I105: 38 | J105: 155 | K105: 회사원(보스톤사이언티픽, Medical) | L105: 31~38 | M105: 170~180 | N105: ISFJ | O105: 무관, ISFJ | P105: 무교 | Q105: 동일 | R105: 무관 | S105: 무엇보다 빵을 너무 사랑하는 빵순이이고, 빵과 아아면 행복을 느끼는, 소소한 힐링과 행복에 감사함을 느끼는 긍정적인 사람이에요! 찐 ISFJ 인간으로서 공감능력이 좋고 정이 많다는 소릴 들어요! 그리고 첫인상과 다르다는 이야기도 많이 듣는데 이건 아마 외적으론 차가워 보이는데 속은 의외로(?) 따뜻해서..? 🫢 속은 두부 그 자체라 가끔 상처받고 너덜너덜해지지만 긍정적인 편으로 멘탈회복력이 좋아서 금방 극뽁! 하는 편이에요. 루틴이 확실한 집순이라 집밖으로 잘 안나가지만 그만큼 사고(?)날 일이 없는 사람! ㅎㅎㅎ 입니다 | T105: 연락과 표현을 잘하고, 불안하게 만들지 않는 사람이 좋아요! 연락이 자연스럽게 이어지고 관계에서 불확실함을 주지 않는 안정적인 사람에게 매력을 느끼는데무엇보다 공감 능력이 있고 다정하고 자상한 사람이 중요해요! 서로의 감정을 이해하고 지지해 줄 수 있는 감정적인 교류가 가능한 관계를 원하며, 회피형 성향보다는 진중함 속에 유쾌함이 함께 있는 사람이 좋아요. 첫인상도 중요하고, 무엇보다 대화가 잘 통해 티키타카가 되는 사람이면 좋겠고 또한 자기 관리를 하며 스스로의 삶을 잘 가꾸는 사람이라면 더욱 좋겠어요! | U105: 0
A106: 206 | B106: 1 | G106: 여 | H106: 홍여경 | I106: 38 | J106: 164 | K106: 주택관리사무소 직원 | L106: 31~38 | M106: 175~ | N106: ISFP | O106: ISTJ, ISFJ, ESFJ | P106: 무교 | Q106: 동일 | R106: 자영업 | S106: 밝고 긍정적이며 리액션 좋은 사람 | T106: 하얀무쌍 리트리버 멍뭉미있는 남자 | U106: 요즘엔 만나이로 적어야하는지 헷갈려요.. 1989년생입니다!
A107: 337 | B107: 1 | G107: 여 | H107: 박수아 | I107: 38 | J107: 157 | K107: 크로스보더플랫폼 / 인사 | L107: 35~38 | M107: 170~180 | N107: ENFJ | O107: 무관 | P107: 무교 | Q107: 동일 | R107: 무관 | S107: 밝음 | T107: 옳고 그름을 아는 바른 사람 | U107: 0
A108: 322 | G108: 여 | H108: 정은이 | I108: 38 | J108: 172 | K108: 공인중개사 | L108: 31~38 | M108: 180~ | N108: ENFJ | O108: 무관 | P108: 기독교 | Q108: 무관 | R108: 무관 | S108: 재미있는사람 | T108: 키크고 진중한사람 | U108: 0
A109: 37 | G109: 여 | H109: 김세아 | I109: 38 | J109: 170 | K109: 삼화 -HR팀 | L109: 35~41 | M109: 175~ | N109: ENTP | O109: 무관, ENFP, ENFJ | P109: 무교 | Q109: 동일 | R109: 무관 | S109: 세련된 취향과 따뜻한 정을 동시에 가진, '알수록 무해하고 매력적인' 사람입니다. 평일엔 치열하게 일하고, 주말엔 드라이브와 운동으로 에너지를 채우는 갓생러(God-生)예요." | T109: "함께 있으면 친구처럼 편안하고 티격태격 수다 떨 수 있는 분이 이상형이에요. 본인 일에 열정적이면서도 퇴근 후엔 드라이브 한 잔의 여유를 즐길 줄 아는 듬직한 체격의 남자다운 분이면 좋겠습니다. 무엇보다 대화가 잘 통하고 배울 점이 있는 분에게 매력을 느낍니다. | U109: 0
...

Sheet 18M
B1: 성별 | C1: 이름 | D1: 나이 | E1: 키 | F1: 직업(직장과 파트) | G1: 선호나이 | H1: 선호 키 | I1: MBTI | J1: 선호 MBTI | K1: 비선호 직군 | L1: 종교 | M1: 상대 - 선호종교 | N1: 간단한 자기소개 | O1: 이상형 | P1: 건의사항
B2: 남 | C2: 정유민 | D2: 32 | E2: 170 | F2: 드라마,영화 캐스팅디렉터 | G2: 28~34 | H2: ~165 | I2: ISFP | J2: 무관 | K2: 무교 | L2: 무관 | M2: 자영업 | N2: 항상 남들에게 배려해주고 자기 일 열심히 하는 사람 입니다 | O2: 자기 할일 열심히하는 사람이 이상형 입니다 | P2: 빵만드는것도 좋아하고 요리도 좋아하는 사람 만나고 싶습니다
B3: 남 | C3: 최현식 | D3: 31 | E3: 174 | F3: 전략기획실 | G3: 24~34 | H3: 160~170 | I3: ISFJ | J3: 무관 | K3: 무교 | L3: 동일 | M3: 무관 | N3: 나는 .. 장난끼잇는데 차분한사람..? | O3: 내가 생각하는거 보다 그냥 나랑 잘 맞는사람 | P3: 0
B4: 남 | C4: 권경준 | D4: 30 | E4: 171 | F4: 회사원 | G4: 24~31 | H4: ~165 | I4: ENTP | J4: 무관 | K4: 무교 | L4: 무관 | M4: 병원직군 | N4: 적당히 맞춰줄 수 있는 사람 | O4: 귀여우면 됩니다 | P4: 잘부탁드려요
B5: 남 | C5: 최봄 | D5: 29 | E5: 174 | F5: 영상의학과 방사선사 | G5: 20~31 | H5: 무관 | I5: INFJ | J5: 무관 | K5: 무교 | L5: 무관 | M5: 병원직군 | N5: 섬세하고 대화를 좋아하는 사람 | O5: 티키타카가 잘 되는 사람 | P5: 나이가 비슷했으면 좋겠습니다.
B6: 남 | C6: 이정현 | D6: 27 | E6: 183 | F6: 삼성서울병원/ 보안팀 | G6: 20~31 | H6: ~175 | I6: ISTJ | J6: 무관 | K6: 기독교 | L6: 무관 | M6: 무관 | N6: 평소엔 조용하지만 편해지면 생각보다 수다스럽고 장난기도 많아요. 꾸준히 운동하면서 스스로를 관리하려고 노력 중입니다. 사람 사이에서는 예의와 배려를 가장 중요하게 생각합니다. | O6: 외적으로는 반묶음 잘 어울리시는 귀여운 사람. 내적으로는 대화 잘 통하고 예의있는 사람! | P6: 이번달이 어려우면 다음달도 한 번 참여해보고싶습니다.
B7: 여 | C7: 김예성 | D7: 29 | E7: 157 | F7: 외국계 / 영업관리팀 | G7: 28~34 | H7: 170~ | I7: ENFP | J7: INFP, INTP, INFJ, ISFJ, ENFP, ESFP, ENFJ, ESFJ, ENTP, ENTJ | K7: 불교 | L7: 무관 | M7: 무관 | N7: 발랄하다는 얘길 많이 듣습니다 . 도전적이고 궁금증도 많아서 새로운 걸 시도/체험하는 걸 좋아해요. | O7: 스타일 좋은 사람 센스 있는 사람 | P7: 초청
B8: 여 | C8: 천현정 | D8: 28 | E8: 163 | F8: 간호사 | G8: 28~31 | H8: 175~ | I8: ESFJ | J8: 무관, INFJ, ISFJ, ENFJ, ESFJ | K8: 무교 | L8: 동일 | M8: 자영업, 공무원 | N8: 밝고 사람과 함께하는걸 좋아하는 사람입니다. 자기관리 잘하며 프리패스 며느리상.. | O8: 자기관리 하는사람, 성실한 사람, 훈훈한 외모 | P8: 작년부터 병동 선생님들의 추천으로 하고싶었는데 듀티가 나오지 않아 지원하지 못했습니다. 이번 기회에 참여해보고 싶습니다ㅎㅎ
B9: 여 | C9: 김세연 | D9: 28 | E9: 171.8 | F9: 분당서울대학교병원 연구간호사 | G9: 28~34 | H9: 175~ | I9: INFJ | J9: INFJ, INTJ, ISFJ, ENFJ, ESFJ, ENTP, ENTJ | K9: 기독교 | L9: 무관 | M9: 병원직군, 자영업 | N9: 낯가림이 있어 사람을 천천히 알아가는 편입니다. 여행을 통해 새로운 음식과 문화를 경험하는 것을 좋아합니다. 또한, 마음에 드는 영화나 책은 여러 번 반복해서 보는 취미가 있습니다. | O9: 마음이 따뜻하고 배려심 있는 분을 선호합니다. 제가 키가 큰 편이라, 저보다 체격이 크고 듬직한 분에게 편안함을 느끼는 것 같습니다. | P9: 0
B10: 여 | C10: 이지현 | D10: 27 | E10: 164 | F10: 보건직 | G10: 28~34 | H10: 175~ | I10: ESFJ | J10: ENTJ제외 | K10: 무교 | L10: 동일 | M10: 병원직군, 자영업 | N10: 상대에게 잘 맞춰줄 수 있고, 활발하고 다양한 경험을 하는걸 좋아합니다. 스키, 수영, 등산 | O10: 다정다감, 성숙한, 회피형 싫고, 예의바른,
B11: 여 | C11: 정유진 | D11: 29 | E11: 169 | F11: 간호사, 병동간호2팀, 18W병동 | G11: 28~34 | H11: 175~ | I11: ISFJ | J11: 무관 | K11: 무교 | L11: 동일 | M11: 무관 | N11: 저는 22년도에 삼성서울병원에 입사해서 지금 5년차가 되어가고있는 18W병동 간호사입니다. 그동안 3년간의 연애를 총 2번 했던 경험이 있고, 간호학과 특성상 아는 남자도 없고 직장에도 없다보니 사람 만날 기회가 적어서 신청하게되었습니다. 제가 약간 집순이라 쉴때 약속이 없다면 보통 집에서 넷플보거나 집청소, 심심하면 베이킹할때도 있고, 그외에는 가끔씩 친구들 만나서 맛있는거 먹고 쇼핑하고 수다떨고 하는걸 좋아합니다. 강아지나 고양이같은 귀여운것들을 좋아하고 노래듣는것도 좋아합니다(jpop- official higedandism, 국내 밴드 - xdinary heros, day6, 하현상, 한로로, 여자 아이돌 노래 등). 저는 재수를 한번 하긴 했지만 그외는 큰 탈 없이 무난하게 자라왔다고 생각하고, 요즘 사회에 참 이상한 사람들이 많지만 그럼에도 좋은 사람은 있다고 생각하는.. 나름 해맑은(?) 사람입니다. 병동에서 일할때도 가끔 저희한테 뭐먹었냐 물어보며 먹을거 챙겨주시거나 하는 귀여운 어르신들보면 괜히 그게 소소하게 좋더라구요. 가끔 쌤들이랑 수다떨거나 하는 그런 재미에 힘들어도 지금껏 다니는것같아요. 친한 친구들이랑도 두쫀쿠, 버터떡 맛있다 이런얘기하고다니는 사람이라ㅋㅋ그냥 별거 아닌 일에 잘 웃고 재밌어해요. 저와 비슷한 결의, 같이 얘기할때 티키타카 잘되는 사람을 만나고 싶어요. | O11: 175cm 이상의 적정 체중으로, 선한 인상과 깔끔한 옷차림의 사람을 좋아합니다. 타인과 약자에게 다정하고, 긍 정적이고 여유로운 태도로 크게 호불호 없는 무탈한사람이 제 이상형입니다. 제가 교대근무를 하다보니 일할때 연락을 솔직히 잘 못하게되는데 그걸 이해해주고, 같이 맞춰나갈 배려심있는 사람이였으면 합니다. 본인의 능력을 과시하기보다 겸손하고, 혼자서도 독립적이지만 함께 했을때 별거 아닌걸로도 웃으면서 소소한 행복을 같이 즐길 수 있는 사람이면 합니다. | P11: 0
B12: 성별 | C12: 성함 | D12: 자기소개 | M12: 이상형
B13: 남 | C13: =C2 -> 정유민 | D13: ='18M'!N2 -> 항상 남들에게 배려해주고 자기 일 열심히 하는 사람 입니다 | M13: =O2 -> 자기 할일 열심히하는 사람이 이상형 입니다
B14: 남 | C14: =C3 -> 최현식 | D14: ='18M'!N3 -> 나는 .. 장난끼잇는데 차분한사람..? | M14: =O3 -> 내가 생각하는거 보다 그냥 나랑 잘 맞는사람
B15: 남 | C15: =C4 -> 권경준 | D15: ='18M'!N4 -> 적당히 맞춰줄 수 있는 사람 | M15: =O4 -> 귀여우면 됩니다
B16: 남 | C16: =C5 -> 최봄 | D16: ='18M'!N5 -> 섬세하고 대화를 좋아하는 사람 | M16: =O5 -> 티키타카가 잘 되는 사람
B17: 남 | C17: =C6 -> 이정현 | D17: ='18M'!N6 -> 평소엔 조용하지만 편해지면 생각보다 수다스럽고 장난기도 많아요. 꾸준히 운동하면서 스스로를 관리하려고 노력 중입니다. 사람 사이에서는 예의와 배려를 가장 중요하게 생각합니다. | M17: =O6 -> 외적으로는 반묶음 잘 어울리시는 귀여운 사람. 내적으로는 대화 잘 통하고 예의있는 사람!
B18: 여 | C18: =C7 -> 김예성 | D18: ='18M'!N7 -> 발랄하다는 얘길 많이 듣습니다 . 도전적이고 궁금증도 많아서 새로운 걸 시도/체험하는 걸 좋아해요. | M18: =O7 -> 스타일 좋은 사람 센스 있는 사람
B19: 여 | C19: =C8 -> 천현정 | D19: ='18M'!N8 -> 밝고 사람과 함께하는걸 좋아하는 사람입니다. 자기관리 잘하며 프리패스 며느리상.. | M19: =O8 -> 자기관리 하는사람, 성실한 사람, 훈훈한 외모
B20: 여 | C20: =C9 -> 김세연 | D20: ='18M'!N9 -> 낯가림이 있어 사람을 천천히 알아가는 편입니다. 여행을 통해 새로운 음식과 문화를 경험하는 것을 좋아합니다. 또한, 마음에 드는 영화나 책은 여러 번 반복해서 보는 취미가 있습니다. | M20: =O9 -> 마음이 따뜻하고 배려심 있는 분을 선호합니다. 제가 키가 큰 편이라, 저보다 체격이 크고 듬직한 분에게 편안함을 느끼는 것 같습니다.
B21: 여 | C21: =C10 -> 이지현 | D21: ='18M'!N10 -> 상대에게 잘 맞춰줄 수 있고, 활발하고 다양한 경험을 하는걸 좋아합니다. 스키, 수영, 등산 | M21: =O10 -> 다정다감, 성숙한, 회피형 싫고, 예의바른,
B22: 여 | C22: =C11 -> 정유진 | D22: ='18M'!N11 -> 저는 22년도에 삼성서울병원에 입사해서 지금 5년차가 되어가고있는 18W병동 간호사입니다. 그동안 3년간의 연애를 총 2번 했던 경험이 있고, 간호학과 특성상 아는 남자도 없고 직장에도 없다보니 사람 만날 기회가 적어서 신청하게되었습니다. 제가 약간 집순이라 쉴때 약속이 없다면 보통 집에서 넷플보거나 집청소, 심심하면 베이킹할때도 있고, 그외에는 가끔씩 친구들 만나서 맛있는거 먹고 쇼핑하고 수다떨고 하는걸 좋아합니다. 강아지나 고양이같은 귀여운것들을 좋아하고 노래듣는것도 좋아합니다(jpop- official higedandism, 국내 밴드 - xdinary heros, day6, 하현상, 한로로, 여자 아이돌 노래 등). 저는 재수를 한번 하긴 했지만 그외는 큰 탈 없이 무난하게 자라왔다고 생각하고, 요즘 사회에 참 이상한 사람들이 많지만 그럼에도 좋은 사람은 있다고 생각하는.. 나름 해맑은(?) 사람입니다. 병동에서 일할때도 가끔 저희한테 뭐먹었냐 물어보며 먹을거 챙겨주시거나 하는 귀여운 어르신들보면 괜히 그게 소소하게 좋더라구요. 가끔 쌤들이랑 수다떨거나 하는 그런 재미에 힘들어도 지금껏 다니는것같아요. 친한 친구들이랑도 두쫀쿠, 버터떡 맛있다 이런얘기하고다니는 사람이라ㅋㅋ그냥 별거 아닌 일에 잘 웃고 재밌어해요. 저와 비슷한 결의, 같이 얘기할때 티키타카 잘되는 사람을 만나고 싶어요. | M22: =O11 -> 175cm 이상의 적정 체중으로, 선한 인상과 깔끔한 옷차림의 사람을 좋아합니다. 타인과 약자에게 다정하고, 긍 정적이고 여유로운 태도로 크게 호불호 없는 무탈한사람이 제 이상형입니다. 제가 교대근무를 하다보니 일할때 연락을 솔직히 잘 못하게되는데 그걸 이해해주고, 같이 맞춰나갈 배려심있는 사람이였으면 합니다. 본인의 능력을 과시하기보다 겸손하고, 혼자서도 독립적이지만 함께 했을때 별거 아닌걸로도 웃으면서 소소한 행복을 같이 즐길 수 있는 사람이면 합니다.

Sheet 18M 키워드
A1: =Q1 -> 단팥빵 | E1: =O1 -> ISFP | G1: =W1 -> 푸딩 | K1: =U1 -> ENFP | M1: ='18M'!C2 -> 정유민 | O1: ='18M'!I2 -> ISFP | Q1: 단팥빵 | S1: ='18M'!C7 -> 김예성 | U1: ='18M'!I7 -> ENFP | W1: 푸딩 | AA1: =Q1 -> 단팥빵 | AM1: =W1 -> 푸딩
E2: =M2 -> 32 | K2: =S2 -> 29 | M2: ='18M'!D2 -> 32 | N2: ='18M'!E2 -> 170 | O2: ='18M'!K2 -> 무교 | P2: ='18M'!L2 -> 무관 | R2: Ju | S2: ='18M'!D7 -> 29 | T2: ='18M'!E7 -> 157 | U2: ='18M'!K7 -> 불교 | V2: ='18M'!L7 -> 무관 | X2: Ju
E3: =O2 -> 무교 | K3: =U2 -> 불교 | M3: ='18M'!F2 -> 드라마,영화 캐스팅디렉터 | Q3: ='18M'!G2 -> 28~34 | S3: ='18M'!F7 -> 외국계 / 영업관리팀 | W3: ='18M'!G7 -> 28~34 | AA3: =M1 -> 정유민 | AM3: =S1 -> 김예성
E4: =R2 -> Ju | K4: =X2 -> Ju | M4: ='18M'!M2 -> 자영업 | Q4: ='18M'!H2 -> ~165 | S4: ='18M'!M7 -> 무관 | W4: ='18M'!H8 -> 175~ | Y4: =R2 -> Ju
A5: =M5 -> 배려 | C5: =O5 -> 성실한 | E5: =Q5 -> 책임감 | G5: =S5 -> 발랄 | I5: =U5 -> 도전적 | K5: =W5 -> 호기심왕 | M5: 배려 | O5: 성실한 | Q5: 책임감 | S5: 발랄 | U5: 도전적 | W5: 호기심왕 | Y5: =R14 -> I.A | AA5: =Q13 -> 소금빵 | AM5: =W13 -> 티라미수
A6: =M6 -> 자기주도적 | C6: =O6 -> 프로다운 | G6: =S6 -> 체험 | M6: 자기주도적 | O6: 프로다운 | S6: 체험 | Y6: =R26 -> I.A
Y7: =R38 -> Tea | AA7: =M13 -> 최현식 | AM7: =S13 -> 천현정
Y8: =R50 -> I.A
A9: =M9 -> 어바웃 타임 | E9: =Q9 -> 제주도 | G9: =S9 -> 나는 내일 어제의 너와 만난다 | K9: =W9 -> 암스테르담 | M9: 어바웃 타임 | Q9: 제주도 | S9: 나는 내일 어제의 너와 만난다 | W9: 암스테르담 | Y9: =X2 -> Ju | AA9: =Q25 -> 스콘 | AM9: =W25 -> 마들렌
A10: =M10 -> 연락 | E10: =Q10 -> 생어거스틴 | G10: =S10 -> 취미 | I10: =U10 -> 관심사 | K10: =W10 -> 후추포인트 | M10: 연락 | Q10: 생어거스틴 | S10: 취미 | U10: 관심사 | W10: 후추포인트 | Y10: =X14 -> Tea
A11: =M11 -> 프로다운 | G11: =S11 -> 태도 | M11: 프로다운 | S11: 태도 | Y11: =X26 -> I.A | AA11: =M25 -> 권경준 | AM11: =S25 -> 김세연
S12: 스타일 | U12: 센스 | Y12: =X38 -> I.A
A13: =Q13 -> 소금빵 | E13: =O13 -> ISFJ | G13: =W13 -> 티라미수 | K13: =U13 -> ESFJ | M13: ='18M'!C3 -> 최현식 | O13: ='18M'!I3 -> ISFJ | Q13: 소금빵 | S13: ='18M'!C8 -> 천현정 | U13: ='18M'!I8 -> ESFJ | W13: 티라미수 | Y13: =X50 -> I.A | AA13: =Q37 -> 크루아상 | AM13: =W37 -> 에그타르트
E14: =M14 -> 31 | K14: =S14 -> 28 | M14: ='18M'!D3 -> 31 | N14: ='18M'!E3 -> 174 | O14: ='18M'!K3 -> 무교 | P14: ='18M'!L3 -> 동일 | R14: I.A | S14: ='18M'!D8 -> 28 | T14: ='18M'!E8 -> 163 | U14: ='18M'!K8 -> 무교 | V14: ='18M'!L8 -> 동일 | X14: Tea
E15: =O14 -> 무교 | K15: =U14 -> 무교 | M15: ='18M'!F3 -> 전략기획실 | Q15: ='18M'!G3 -> 24~34 | S15: ='18M'!F8 -> 간호사 | W15: ='18M'!G8 -> 28~31 | AA15: =M37 -> 최봄 | AM15: =S37 -> 이지현
E16: =R14 -> I.A | K16: =X14 -> Tea | M16: ='18M'!M3 -> 무관 | Q16: ='18M'!H3 -> 160~170 | S16: ='18M'!M8 -> 자영업, 공무원 | W16: ='18M'!H8 -> 175~
A17: =M17 -> 장난끼 | C17: =O17 -> 차분한 | G17: =S17 -> 밝은 에너지 선호 | I17: =U17 -> 자기관리 | K17: =W17 -> 단정함 | M17: 장난끼 | O17: 차분한 | S17: 밝은 에너지 선호 | U17: 자기관리 | W17: 단정함 | AA17: =Q49 -> 초콜릿 | AM17: =W49 -> 피낭시에
G18: =S18 -> 안정감 | I18: =U18 -> 호감형 | K18: =W18 -> 배려심 | S18: 안정감 | U18: 호감형 | W18: 배려심
AA19: =M49 -> 이정현 | AM19: =S49 -> 정유진
A21: =M21 -> 왕과사는 남자 | E21: =Q21 -> 말레이시아 | G21: =S21 -> 트와일라잇 | K21: =W21 -> 하와이 | M21: 왕과사는 남자 | Q21: 말레이시아 | S21: 트와일라잇 | W21: 하와이
A22: =M22 -> 티키타카 | E22: =Q22 -> 소문난순대국 | G22: =S22 -> 신뢰 | K22: =W22 -> 서초김치찌개 | M22: 티키타카 | Q22: 소문난순대국 | S22: 신뢰 | W22: 서초김치찌개 | AA22: =AA1 -> 단팥빵 | AM22: =AM1 -> 푸딩
A23: =M23 -> 잘맞는 | G23: =S23 -> 자기관리 | I23: =U23 -> 훈훈한 | K23: =W23 -> 성실한 | M23: 잘맞는 | S23: 자기관리 | U23: 훈훈한 | W23: 성실한
K24: =W24 -> 0 | AA24: =AA3 -> 정유민 | AM24: =AM3 -> 김예성
A25: =Q25 -> 스콘 | E25: =O25 -> ENTP | G25: =W25 -> 마들렌 | K25: =U25 -> INFJ | M25: ='18M'!C4 -> 권경준 | O25: ='18M'!I4 -> ENTP | Q25: 스콘 | S25: ='18M'!C9 -> 김세연 | U25: ='18M'!I9 -> INFJ | W25: 마들렌
E26: =M26 -> 30 | K26: =S26 -> 28 | M26: ='18M'!D4 -> 30 | N26: ='18M'!E4 -> 171 | O26: ='18M'!K4 -> 무교 | P26: ='18M'!L4 -> 무관 | R26: I.A | S26: ='18M'!D9 -> 28 | T26: ='18M'!E9 -> 171.8 | U26: ='18M'!K9 -> 기독교 | V26: ='18M'!L9 -> 무관 | X26: I.A | AA26: =AA5 -> 소금빵 | AM26: =AM5 -> 티라미수
E27: =O26 -> 무교 | K27: =U26 -> 기독교 | M27: ='18M'!F4 -> 회사원 | Q27: ='18M'!G4 -> 24~31 | S27: ='18M'!F9 -> 분당서울대학교병원 연구간호사 | W27: ='18M'!G9 -> 28~34
E28: =R26 -> I.A | K28: =X26 -> I.A | M28: ='18M'!M4 -> 병원직군 | Q28: ='18M'!H4 -> ~165 | S28: ='18M'!M9 -> 병원직군, 자영업 | W28: ='18M'!H9 -> 175~ | AA28: =AA7 -> 최현식 | AM28: =AM7 -> 천현정
A29: =M29 -> 배려 | C29: =O29 -> 편안함 | G29: =S29 -> 낯가림 | I29: =U29 -> 음식 | K29: =W29 -> 문화 | M29: 배려 | O29: 편안함 | S29: 낯가림 | U29: 음식 | W29: 문화
G30: =S30 -> 영화 | I30: =U30 -> 책 | S30: 영화 | U30: 책 | AA30: =AA9 -> 스콘 | AM30: =AM9 -> 마들렌
AA32: =AA11 -> 권경준 | AM32: =AM11 -> 김세연
A33: =M33 -> 어바웃 타임 | E33: =Q33 -> 강릉 | G33: =S33 -> 냉정과 열정 사이, F1 | K33: =W33 -> 피렌체 | M33: 어바웃 타임 | Q33: 강릉 | S33: 냉정과 열정 사이, F1 | W33: 피렌체
A34: =M34 -> 대화 | E34: =Q34 -> 하늘초밥 | G34: =S34 -> 대화 | K34: =W34 -> 담소스키야키 | M34: 대화 | Q34: 하늘초밥 | S34: 대화 | W34: 담소스키야키 | AA34: =AA13 -> 크루아상 | AM34: =AM13 -> 에그타르트
A35: =M35 -> CUTE | G35: =S35 -> 따뜻함 | I35: =U35 -> 배려심 | K35: =W35 -> 듬직 | M35: CUTE | S35: 따뜻함 | U35: 배려심 | W35: 듬직
AA36: =AA15 -> 최봄 | AM36: =AM15 -> 이지현
A37: =Q37 -> 크루아상 | E37: =O37 -> INFJ | G37: =W37 -> 에그타르트 | K37: =U37 -> ESFJ | M37: ='18M'!C5 -> 최봄 | O37: ='18M'!I5 -> INFJ | Q37: 크루아상 | S37: ='18M'!C10 -> 이지현 | U37: ='18M'!I10 -> ESFJ | W37: 에그타르트
E38: =M38 -> 29 | K38: =S38 -> 27 | M38: ='18M'!D5 -> 29 | N38: ='18M'!E5 -> 174 | O38: ='18M'!K5 -> 무교 | P38: ='18M'!L5 -> 무관 | R38: Tea | S38: ='18M'!D10 -> 27 | T38: ='18M'!E10 -> 164 | U38: ='18M'!K10 -> 무교 | V38: ='18M'!L10 -> 동일 | X38: I.A | AA38: =AA17 -> 초콜릿 | AM38: =AM17 -> 피낭시에
E39: =O38 -> 무교 | K39: =U38 -> 무교 | M39: ='18M'!F5 -> 영상의학과 방사선사 | Q39: ='18M'!G5 -> 20~31 | S39: ='18M'!F10 -> 보건직 | W39: ='18M'!G10 -> 28~34
E40: =R38 -> Tea | K40: =X38 -> I.A | M40: ='18M'!M5 -> 병원직군 | Q40: ='18M'!H5 -> 무관 | S40: ='18M'!M10 -> 병원직군, 자영업 | W40: ='18M'!H10 -> 175~ | AA40: =AA19 -> 이정현 | AM40: =AM19 -> 정유진
A41: =M41 -> 섬세함 | C41: =O41 -> 대화 | G41: =S41 -> 배려 | I41: =U41 -> 활발 | K41: =W41 -> 경험 | M41: 섬세함 | O41: 대화 | S41: 배려 | U41: 활발 | W41: 경험
G42: =S42 -> 스키 | I42: =U42 -> 등산 | K42: =W42 -> 수영 | S42: 스키 | U42: 등산 | W42: 수영
AA43: =AA22 -> 단팥빵 | AM43: =AM22 -> 푸딩
A45: =M45 -> 주토피아 | E45: =Q45 -> 동해바다, 부산 | G45: =S45 -> 해리포터 | K45: =W45 -> 보라카이 | M45: 주토피아 | Q45: 동해바다, 부산 | S45: 해리포터 | W45: 보라카이 | AA45: =AA24 -> 정유민 | AM45: =AM24 -> 김예성
A46: =M46 -> 애정표현 | E46: =Q46 -> 스시 | G46: =S46 -> 신뢰 | K46: =W46 -> 시골여행 | M46: 애정표현 | Q46: 스시 | S46: 신뢰 | W46: 시골여행
A47: =M47 -> 티키타카 | G47: =S47 -> 다정다감 | I47: =U47 -> 성숙한 | K47: =W47 -> No회피형 | M47: 티키타카 | S47: 다정다감 | U47: 성숙한 | W47: No회피형 | AA47: =AA26 -> 소금빵 | AM47: =AM26 -> 티라미수
G48: =S48 -> 예의바른 | S48: 예의바른
A49: =Q49 -> 초콜릿 | E49: =O49 -> ISTJ | G49: =W49 -> 피낭시에 | K49: =U49 -> ISFJ | M49: ='18M'!C6 -> 이정현 | O49: ='18M'!I6 -> ISTJ | Q49: 초콜릿 | S49: ='18M'!C11 -> 정유진 | U49: ='18M'!I11 -> ISFJ | W49: 피낭시에 | AA49: =AA28 -> 최현식 | AM49: =AM28 -> 천현정
E50: =M50 -> 27 | K50: =S50 -> 29 | M50: ='18M'!D6 -> 27 | N50: ='18M'!E6 -> 183 | O50: ='18M'!K6 -> 기독교 | P50: ='18M'!L6 -> 무관 | R50: I.A | S50: ='18M'!D11 -> 29 | T50: ='18M'!E11 -> 169 | U50: ='18M'!K11 -> 무교 | V50: ='18M'!L11 -> 동일 | X50: I.A
E51: =O50 -> 기독교 | K51: =U50 -> 무교 | M51: ='18M'!F6 -> 삼성서울병원/ 보안팀 | Q51: ='18M'!G6 -> 20~31 | S51: ='18M'!F11 -> 간호사, 병동간호2팀, 18W병동 | W51: ='18M'!G11 -> 28~34 | AA51: =AA30 -> 스콘 | AM51: =AM30 -> 마들렌
E52: =R50 -> I.A | K52: =X50 -> I.A | M52: ='18M'!M6 -> 무관 | Q52: ='18M'!H6 -> ~175 | S52: ='18M'!M11 -> 무관 | W52: ='18M'!H11 -> 175~
A53: =M53 -> 조용한 | C53: =O53 -> 수다꾼 | E53: =Q53 -> 장난기 | G53: =S53 -> 집순이 | I53: =U53 -> 넷플 | K53: =W53 -> 베이킹 | M53: 조용한 | O53: 수다꾼 | Q53: 장난기 | S53: 집순이 | U53: 넷플 | W53: 베이킹 | AA53: =AA32 -> 권경준 | AM53: =AM32 -> 김세연
A54: =M54 -> 자기관리 | C54: =O54 -> 예의 | E54: =Q54 -> 배려 | G54: =S54 -> 귀여운것들 | I54: =U54 -> 노래 | K54: =W54 -> 무난한 | M54: 자기관리 | O54: 예의 | Q54: 배려 | S54: 귀여운것들 | U54: 노래 | W54: 무난한
G55: =S55 -> 해맑은 | I55: =U55 -> 소소한 | S55: 해맑은 | U55: 소소한 | AA55: =AA34 -> 크루아상 | AM55: =AM34 -> 에그타르트
A57: =M57 -> 빅 피쉬 | E57: =Q57 -> 교토 | G57: =S57 -> 라라랜드 | K57: =W57 -> 뉴질랜드 | M57: 빅 피쉬 | Q57: 교토 | S57: 라라랜드 | W57: 뉴질랜드 | AA57: =AA36 -> 최봄 | AM57: =AM36 -> 이지현
A58: =M58 -> 연락 | E58: =Q58 -> 이가네양꼬치 | G58: =S58 -> 신뢰 | I58: =U58 -> 티키타카 | K58: =W58 -> 앨리스 리틀 이태리 | M58: 연락 | Q58: 이가네양꼬치 | S58: 신뢰 | U58: 티키타카 | W58: 앨리스 리틀 이태리
A59: =M59 -> CUTE | C59: =O59 -> 내적대화 | E59: =Q59 -> 예의 | G59: =S59 -> 선한인상 | I59: =U59 -> 깔끔한 | K59: =W59 -> 다정 | M59: CUTE | O59: 내적대화 | Q59: 예의 | S59: 선한인상 | U59: 깔끔한 | W59: 다정 | AA59: =AA38 -> 초콜릿 | AM59: =AM38 -> 피낭시에
A60: =M60 -> 반묶음 | G60: =S60 -> 긍정적 | I60: =U60 -> 여유로운 | M60: 반묶음 | S60: 긍정적 | U60: 여유로운
AA61: =AA40 -> 이정현 | AM61: =AM40 -> 정유진

Sheet 18L
B1: 성별 | C1: 이름 | D1: 나이 | E1: 키 | F1: 직업(직장과 파트) | G1: 선호나이 | H1: 선호 키 | I1: MBTI | J1: 선호 MBTI | K1: 비선호 직군 | L1: 종교 | M1: 상대 - 선호종교 | N1: 간단한 자기소개 | O1: 이상형 | P1: 건의사항
B2: 남 | C2: 박준형 | D2: 31 | E2: 174 | F2: 패션마케터 | G2: 무관 | H2: 무관 | I2: ENFP | J2: 무관 | K2: 무교 | L2: 동일 | M2: 무관 | N2: 밝게 웃으며 상대를 배려 하는 사람 | O2: 모자 안경이 잘 어울리는사람 | P2: 빵 만드는거 배워보고싶습니다
B3: 남 | C3: 강병곤 | D3: 34 | E3: 167 | F3: LBhunet(lg고객센터) 사원 | G3: 28~31 | H3: 무관 | I3: ISTJ | J3: 무관 | K3: 천주교 | L3: 무관 | M3: 무관 | N3: 첫인상은 조용하고 T같고 차분하지만 친해지면 재밋는 부분도 어느정도 있고 바운더리에 들어오기 까지 경계를 많이 하지만 들어오고 난 이후로는 무장해제 되는 사람입니다 키가 작아서 그런지 동안인 편이고 생활패턴은 헬스장 직장 학원 간혹 주말에 혼자 재즈공연 보러 혼자 외출해요 | O3: 외적인 부분으로는 스트리머 금휘님 같은 스타일 성격은 긍정적이고 밝은 분 | P3: 낯을 많이 가리는 편이에요 정말 사람만날 곳이 없어서 신청했는데 잘부탁드립니다
B4: 남 | C4: 박찬우 | D4: 33 | E4: 168 | F4: 한국원자력의학원 / 연구원 | G4: 20~34 | H4: ~170 | I4: ISTJ | J4: 무관 | K4: 무교 | L4: 무관 | M4: 무관 | N4: #성실함 #신중함 #안정감 #호기심 많은 | O4: #다정함 #긍정적 #정돈됨 #주관있는 | P4: 0
B5: 남 | C5: 최준혁 | D5: 36 | E5: 174 | F5: 백화점 MD | G5: 28~34 | H5: ~165 | I5: ISTP | J5: 무관 | K5: 무교 | L5: 동일 | M5: 무관 | N5: 책임감 강하고 활동적인 것을 좋아함. 테토/에겐 반반 | O5: 행동이 귀엽고 대화를 잘하는, 웃을 때 예쁘신 분 | P5: 0
B6: 남 | C6: 이재형 | D6: 30 | E6: 170 | F6: 에스원, FM파트 | G6: 24~31 | H6: 무관 | I6: ENFP | J6: 무관 | K6: 무교 | L6: 무관 | M6: 무관 | N6: 도전적인 사람 | O6: 0 | P6: 0
B7: 여 | C7: 최정아 | D7: 35 | E7: 160 | F7: 삼성디스플레이 연구원 | G7: 31~38 | H7: 170~ | I7: ESFP | J7: 무관 | K7: 무교 | L7: 동일 | M7: 자영업, 무관 | N7: 밝고 긍정적 | O7: 다정하신분 | P7: 0
B8: 여 | C8: 최유미 | D8: 31 | E8: 153 | F8: 삼성서울병원 신생아중환자실 | G8: 28~38 | H8: 170~180 | I8: ESTJ | J8: 무관 | K8: 무교 | L8: 무관 | M8: 병원직군, 자영업, 연구직, 회사원 | N8: 항상 밝고 긍정적인 태도를 가지려고 노력하는 사람! 야구를 좋아해서 실제로 직관을 챙겨서 가기도 하고 무언가 만드는 걸 좋아해 공방 원데이 클래스도 참여하며 활동적인 것도 좋아하고 커피를 좋아해서 카페 투어도 다니기도 하며 내가 좋아하는 걸 꾸준히 이어가려고 하는 사람입니다. | O8: 0 | P8: 0
B9: 여 | C9: 조시연 | D9: 33 | E9: 158 | F9: 공무원(연구직, 7급) | G9: 31~38 | H9: 175~180 | I9: ESTJ | J9: ISTJ, ISFJ, ESFJ | K9: 무교 | L9: 동일 | M9: 자영업 | N9: 따뜻하지만 야무지고 귀여운 사람 🙂 | O9: 책임감 있고, 성실하며 안정적인 사람 | P9: 0
B10: 여 | C10: 박서영 | D10: 26 | E10: 168 | F10: 삼성서울병원 별관동 수술실 | G10: 24~31 | H10: 175~ | I10: ISFJ | J10: 무관 | K10: 무교 | L10: 동일 | M10: 병원직군 | N10: 밝고 웃음이 많은 사람입니다 ◡̈ | O10: 키 크고 얘기가 잘 통하며 예의바르고 다정다감한 사람 | P10: 0
B11: 여 | C11: 이상희 | D11: 33 | E11: 175 | F11: 커피 프랜차이즈 구매팀 | G11: 35~38 | H11: 175~180 | I11: ISFJ | J11: 무관 | K11: 기독교 | L11: 무관 | M11: 무관 | N11: 첫인상은 내향인이지만 시간이 지나면 금방 외향인이 됩니다. 챙겨줌을 잘하며 호감의 표시가 사소한 챙겨줌으로 나타납니다. 여행, 체험같은 활동적인 시간을 좋아하고 맛집 여행 좋아합니다. 감정 기복이 심하지 않아 잔잔하게 유지하지만 F라서 무심함에는 선운함을 크게 느끼어 다정한 사람, 표현을 잘해주는 사람을좋아합니다. | O11: 비흡연자 | P11: 0
B12: 성별 | C12: 성함 | D12: 자기소개 | M12: 이상형
B13: 남 | C13: =C2 -> 박준형 | D13: ='18L'!N2 -> 밝게 웃으며 상대를 배려 하는 사람 | M13: =O2 -> 모자 안경이 잘 어울리는사람 | Q13: 단팥빵
B14: 남 | C14: =C3 -> 강병곤 | D14: ='18L'!N3 -> 첫인상은 조용하고 T같고 차분하지만 친해지면 재밋는 부분도 어느정도 있고 바운더리에 들어오기 까지 경계를 많이 하지만 들어오고 난 이후로는 무장해제 되는 사람입니다 키가 작아서 그런지 동안인 편이고 생활패턴은 헬스장 직장 학원 간혹 주말에 혼자 재즈공연 보러 혼자 외출해요 | M14: =O3 -> 외적인 부분으로는 스트리머 금휘님 같은 스타일 성격은 긍정적이고 밝은 분 | Q14: 단팥빵
B15: 남 | C15: =C4 -> 박찬우 | D15: ='18L'!N4 -> #성실함 #신중함 #안정감 #호기심 많은 | M15: =O4 -> #다정함 #긍정적 #정돈됨 #주관있는 | Q15: 스콘
B16: 남 | C16: =C5 -> 최준혁 | D16: ='18L'!N5 -> 책임감 강하고 활동적인 것을 좋아함. 테토/에겐 반반 | M16: =O5 -> 행동이 귀엽고 대화를 잘하는, 웃을 때 예쁘신 분 | Q16: 소금빵
B17: 남 | C17: =C6 -> 이재형 | D17: ='18L'!N6 -> 도전적인 사람 | M17: =O6 -> 0 | Q17: 크루아상
B18: 여 | C18: =C7 -> 최정아 | D18: =N7 -> 밝고 긍정적 | M18: =O7 -> 다정하신분 | Q18: 티라미수
B19: 여 | C19: =C8 -> 최유미 | D19: ='18L'!N8 -> 항상 밝고 긍정적인 태도를 가지려고 노력하는 사람! 야구를 좋아해서 실제로 직관을 챙겨서 가기도 하고 무언가 만드는 걸 좋아해 공방 원데이 클래스도 참여하며 활동적인 것도 좋아하고 커피를 좋아해서 카페 투어도 다니기도 하며 내가 좋아하는 걸 꾸준히 이어가려고 하는 사람입니다. | M19: =O8 -> 0 | Q19: 피낭시에
B20: 여 | C20: =C9 -> 조시연 | D20: ='18L'!N9 -> 따뜻하지만 야무지고 귀여운 사람 🙂 | M20: =O9 -> 책임감 있고, 성실하며 안정적인 사람 | Q20: 푸딩
B21: 여 | C21: =C10 -> 박서영 | D21: ='18L'!N10 -> 밝고 웃음이 많은 사람입니다 ◡̈ | M21: =O10 -> 키 크고 얘기가 잘 통하며 예의바르고 다정다감한 사람 | Q21: 마들렌
B22: 여 | C22: =C11 -> 이상희 | D22: ='18L'!N11 -> 첫인상은 내향인이지만 시간이 지나면 금방 외향인이 됩니다. 챙겨줌을 잘하며 호감의 표시가 사소한 챙겨줌으로 나타납니다. 여행, 체험같은 활동적인 시간을 좋아하고 맛집 여행 좋아합니다. 감정 기복이 심하지 않아 잔잔하게 유지하지만 F라서 무심함에는 선운함을 크게 느끼어 다정한 사람, 표현을 잘해주는 사람을좋아합니다. | M22: =O11 -> 비흡연자 | Q22: 에그타르트

Sheet 18L 키워드
A1: =Q1 -> 스콘 | E1: =O1 -> ENFP | G1: =W1 -> 푸딩 | K1: =U1 -> ESFP | M1: ='18L'!C2 -> 박준형 | O1: ='18L'!I2 -> ENFP | Q1: 스콘 | S1: ='18L'!C7 -> 최정아 | U1: ='18L'!I7 -> ESFP | W1: 푸딩 | AA1: =Q1 -> 스콘 | AM1: =W1 -> 푸딩
E2: =M2 -> 31 | K2: =S2 -> 35 | M2: ='18L'!D2 -> 31 | N2: ='18L'!E2 -> 174 | O2: ='18L'!K2 -> 무교 | P2: ='18L'!L2 -> 동일 | R2: I.A | S2: ='18L'!D7 -> 35 | T2: ='18L'!E7 -> 160 | U2: ='18L'!K7 -> 무교 | V2: ='18L'!L7 -> 동일 | X2: I.A
E3: =O2 -> 무교 | K3: =U2 -> 무교 | M3: ='18L'!F2 -> 패션마케터 | Q3: ='18L'!G2 -> 무관 | S3: ='18L'!F7 -> 삼성디스플레이 연구원 | W3: ='18L'!G7 -> 31~38 | AA3: =M1 -> 박준형 | AM3: =S1 -> 최정아
E4: =R2 -> I.A | K4: =X2 -> I.A | M4: ='18L'!M2 -> 무관 | Q4: ='18L'!H2 -> 무관 | S4: ='18L'!M7 -> 자영업, 무관 | W4: ='18L'!H7 -> 170~ | Y4: =R2 -> I.A
A5: =M5 -> 밝은 웃음 | C5: =O5 -> 배려 | G5: =S5 -> 밝은 | I5: =U5 -> 긍정적 | M5: 밝은 웃음 | O5: 배려 | S5: 밝은 | U5: 긍정적 | Y5: =R14 -> I.A | AA5: =Q13 -> 소금빵 | AM5: =W13 -> 피낭시에
Y6: =R26 -> I.A
Y7: =R38 -> W | AA7: =M13 -> 강병곤 | AM7: =S13 -> 최유미
Y8: =R50 -> I.A
A9: =M9 -> 러브 액츄얼리 | E9: =Q9 -> 로마 | K9: =W9 -> 필리핀 보홀 | M9: 러브 액츄얼리 | Q9: 로마 | W9: 필리핀 보홀 | Y9: =X2 -> I.A | AA9: =Q25 -> 크루아상 | AM9: =W25 -> 티라미수
A10: =M10 -> 배려 | C10: =O10 -> 소통 | E10: =Q10 -> 히키니쿠토코메도산 | G10: =S10 -> 대화코드 | I10: =U10 -> 티키타카 | K10: =W10 -> 부산 인해 | M10: 배려 | O10: 소통 | Q10: 히키니쿠토코메도산 | S10: 대화코드 | U10: 티키타카 | W10: 부산 인해 | Y10: =X14 -> I.A
A11: =M11 -> 모자 | C11: =O11 -> 안경 | G11: =S11 -> 다정한 | M11: 모자 | O11: 안경 | S11: 다정한 | Y11: =X26 -> H.A | AA11: =M25 -> 박찬우 | AM11: =S25 -> 조시연
Y12: =X38 -> deff.I.A
A13: =Q13 -> 소금빵 | E13: =O13 -> ISTJ | G13: =W13 -> 피낭시에 | K13: =U13 -> ESTJ | M13: ='18L'!C3 -> 강병곤 | O13: ='18L'!I3 -> ISTJ | Q13: 소금빵 | S13: ='18L'!C8 -> 최유미 | U13: ='18L'!I8 -> ESTJ | W13: 피낭시에 | Y13: =X50 -> I.A | AA13: =Q37 -> 단팥빵 | AM13: =W37 -> 에그타르트
E14: =M14 -> 34 | K14: =S14 -> 31 | M14: ='18L'!D3 -> 34 | N14: ='18L'!E3 -> 167 | O14: ='18L'!K3 -> 천주교 | P14: ='18L'!L3 -> 무관 | R14: I.A | S14: ='18L'!D8 -> 31 | T14: ='18L'!E8 -> 153 | U14: ='18L'!K8 -> 무교 | V14: ='18L'!L8 -> 무관 | X14: I.A
E15: =O14 -> 천주교 | K15: =U14 -> 무교 | M15: ='18L'!F3 -> LBhunet(lg고객센터) 사원 | Q15: ='18L'!G3 -> 28~31 | S15: ='18L'!F8 -> 삼성서울병원 신생아중환자실 | W15: ='18L'!G8 -> 28~38 | AA15: =M37 -> 최준혁 | AM15: =S37 -> 박서영
E16: =R14 -> I.A | K16: =X14 -> I.A | M16: ='18L'!M3 -> 무관 | Q16: ='18L'!H3 -> 무관 | S16: ='18L'!M8 -> 병원직군, 자영업, 연구직, 회사원 | W16: ='18L'!H8 -> 170~180
A17: =M17 -> T | C17: =O17 -> but | E17: =Q17 -> 친해지기까지 | G17: =S17 -> 밝고 | I17: =U17 -> 긍정적 | K17: =W17 -> 야구직관 | M17: T | O17: but | Q17: 친해지기까지 | S17: 밝고 | U17: 긍정적 | W17: 야구직관 | AA17: =Q49 -> 초콜릿 | AM17: =W49 -> 마들렌
A18: =M18 -> 경계 | C18: =O18 -> 넘어오면 | E18: =Q18 -> 무장해제 | G18: =S18 -> 손재주 | I18: =U18 -> 활동적 | K18: =W18 -> 카페투어 | M18: 경계 | O18: 넘어오면 | Q18: 무장해제 | S18: 손재주 | U18: 활동적 | W18: 카페투어
G19: =S19 -> 좋아하는걸 | I19: =U19 -> 꾸준히 | S19: 좋아하는걸 | U19: 꾸준히 | AA19: =M49 -> 이재형 | AM19: =S49 -> 이상희
A21: =M21 -> 이터널 선샤인 | E21: =Q21 -> 여수 | G21: =S21 -> 리틀 포레스트 | K21: =W21 -> 파리 | M21: 이터널 선샤인 | Q21: 여수 | S21: 리틀 포레스트 | W21: 파리
A22: =M22 -> 신뢰 | E22: =Q22 -> 생오리돌판구이집 | G22: =S22 -> 대화 | K22: =W22 -> 식물원김밥 | M22: 신뢰 | Q22: 생오리돌판구이집 | S22: 대화 | W22: 식물원김밥 | AA22: =AA1 -> 스콘 | AM22: =AM1 -> 푸딩
A23: =M23 -> 긍정적 | C23: =O23 -> 밝은 | E23: =Q23 -> 금휘 | M23: 긍정적 | O23: 밝은 | Q23: 금휘
AA24: =AA3 -> 박준형 | AM24: =AM3 -> 최정아
A25: =Q25 -> 크루아상 | E25: =O25 -> ISTJ | G25: =W25 -> 티라미수 | K25: =U25 -> ESTJ | M25: ='18L'!C4 -> 박찬우 | O25: ='18L'!I4 -> ISTJ | Q25: 크루아상 | S25: ='18L'!C9 -> 조시연 | U25: ='18L'!I9 -> ESTJ | W25: 티라미수
E26: =M26 -> 33 | K26: =S26 -> 33 | M26: ='18L'!D4 -> 33 | N26: ='18L'!E4 -> 168 | O26: ='18L'!K4 -> 무교 | P26: ='18L'!L4 -> 무관 | R26: I.A | S26: ='18L'!D9 -> 33 | T26: ='18L'!E9 -> 158 | U26: ='18L'!K9 -> 무교 | V26: ='18L'!L9 -> 동일 | X26: H.A | AA26: =AA5 -> 소금빵 | AM26: =AM5 -> 피낭시에
E27: =O26 -> 무교 | K27: =U26 -> 무교 | M27: ='18L'!F4 -> 한국원자력의학원 / 연구원 | Q27: ='18L'!G4 -> 20~34 | S27: ='18L'!F9 -> 공무원(연구직, 7급) | W27: ='18L'!G9 -> 31~38
E28: =R26 -> I.A | K28: =X26 -> H.A | M28: ='18L'!M4 -> 무관 | Q28: ='18L'!H4 -> ~170 | S28: ='18L'!M9 -> 자영업 | W28: ='18L'!H9 -> 175~180 | AA28: =AA7 -> 강병곤 | AM28: =AM7 -> 최유미
A29: =M29 -> 성실함 | C29: =O29 -> 신중함 | E29: =Q29 -> 안정감 | G29: =S29 -> 따뜻한 | I29: =U29 -> 야무진 | K29: =W29 -> CUTE | M29: 성실함 | O29: 신중함 | Q29: 안정감 | S29: 따뜻한 | U29: 야무진 | W29: CUTE
A30: =M30 -> 호기심 | M30: 호기심 | AA30: =AA9 -> 크루아상 | AM30: =AM9 -> 티라미수
AA32: =AA11 -> 박찬우 | AM32: =AM11 -> 조시연
A33: =M33 -> 인터스텔라 | E33: =Q33 -> 호주 | G33: =S33 -> 어바웃 타임 | K33: =W33 -> 삿포로 | M33: 인터스텔라 | Q33: 호주 | S33: 어바웃 타임 | W33: 삿포로
A34: =M34 -> 신뢰 | E34: =Q34 -> 오므라이스 | G34: =S34 -> 책임감 | K34: =W34 -> 갯마을횟집 | M34: 신뢰 | Q34: 오므라이스 | S34: 책임감 | W34: 갯마을횟집 | AA34: =AA13 -> 단팥빵 | AM34: =AM13 -> 에그타르트
A35: =M35 -> 다저함 | C35: =O35 -> 긍정적 | E35: =Q35 -> 정돈됨 | G35: =S35 -> 책임감 | I35: =U35 -> 성실 | K35: =W35 -> 안정적 | M35: 다저함 | O35: 긍정적 | Q35: 정돈됨 | S35: 책임감 | U35: 성실 | W35: 안정적
A36: =M36 -> 주관있는 | M36: 주관있는 | AA36: =AA15 -> 최준혁 | AM36: =AM15 -> 박서영
A37: =Q37 -> 단팥빵 | E37: =O37 -> ISTP | G37: =W37 -> 에그타르트 | K37: =U37 -> ISFJ | M37: ='18L'!C5 -> 최준혁 | O37: ='18L'!I5 -> ISTP | Q37: 단팥빵 | S37: ='18L'!C10 -> 박서영 | U37: ='18L'!I10 -> ISFJ | W37: 에그타르트
E38: =M38 -> 36 | K38: =S38 -> 26 | M38: ='18L'!D5 -> 36 | N38: ='18L'!E5 -> 174 | O38: ='18L'!K5 -> 무교 | P38: ='18L'!L5 -> 동일 | R38: W | S38: ='18L'!D10 -> 26 | T38: ='18L'!E10 -> 168 | U38: ='18L'!K10 -> 무교 | V38: ='18L'!L10 -> 동일 | X38: deff.I.A | AA38: =AA17 -> 초콜릿 | AM38: =AM17 -> 마들렌
E39: =O38 -> 무교 | K39: =U38 -> 무교 | M39: ='18L'!F5 -> 백화점 MD | Q39: ='18L'!G5 -> 28~34 | S39: ='18L'!F10 -> 삼성서울병원 별관동 수술실 | W39: ='18L'!G10 -> 24~31
E40: =R38 -> W | K40: =X38 -> deff.I.A | M40: ='18L'!M5 -> 무관 | Q40: ='18L'!H5 -> ~165 | S40: ='18L'!M10 -> 병원직군 | W40: ='18L'!H10 -> 175~ | AA40: =AA19 -> 이재형 | AM40: =AM19 -> 이상희
A41: =M41 -> 책임감 | C41: =O41 -> 활동적 | G41: =S41 -> 밝은 | I41: =U41 -> 웃음 | M41: 책임감 | O41: 활동적 | S41: 밝은 | U41: 웃음
AA43: =AA22 -> 스콘 | AM43: =AM22 -> 푸딩
A45: =M45 -> 리틀포레스트 | E45: =Q45 -> 서안 | G45: =S45 -> 클래식 | K45: =W45 -> 파리 | M45: 리틀포레스트 | Q45: 서안 | S45: 클래식 | W45: 파리 | AA45: =AA24 -> 박준형 | AM45: =AM24 -> 최정아
A46: =M46 -> 편안함 | E46: =Q46 -> 칸다소바 | G46: =S46 -> 배려 | K46: =W46 -> 신동궁 숯불뼈구이 | M46: 편안함 | Q46: 칸다소바 | S46: 배려 | W46: 신동궁 숯불뼈구이
A47: =M47 -> CUTE | C47: =O47 -> 대화 | E47: =Q47 -> 예쁜미소 | G47: =S47 -> 대화 | I47: =U47 -> 다정다감 | M47: CUTE | O47: 대화 | Q47: 예쁜미소 | S47: 대화 | U47: 다정다감 | AA47: =AA26 -> 소금빵 | AM47: =AM26 -> 피낭시에
A49: =Q49 -> 초콜릿 | E49: =O49 -> ENFP | G49: =W49 -> 마들렌 | K49: =U49 -> ISFJ | M49: ='18L'!C6 -> 이재형 | O49: ='18L'!I6 -> ENFP | Q49: 초콜릿 | S49: ='18L'!C11 -> 이상희 | U49: ='18L'!I11 -> ISFJ | W49: 마들렌 | AA49: =AA28 -> 강병곤 | AM49: =AM28 -> 최유미
E50: =M50 -> 30 | K50: =S50 -> 33 | M50: ='18L'!D6 -> 30 | N50: ='18L'!E6 -> 170 | O50: ='18L'!K6 -> 무교 | P50: ='18L'!L6 -> 무관 | R50: I.A | S50: ='18L'!D11 -> 33 | T50: ='18L'!E11 -> 175 | U50: ='18L'!K11 -> 기독교 | V50: ='18L'!L11 -> 무관 | X50: I.A
E51: =O50 -> 무교 | K51: =U50 -> 기독교 | M51: ='18L'!F6 -> 에스원, FM파트 | Q51: ='18L'!G6 -> 24~31 | S51: ='18L'!F11 -> 커피 프랜차이즈 구매팀 | W51: ='18L'!G11 -> 35~38 | AA51: =AA30 -> 크루아상 | AM51: =AM30 -> 티라미수
E52: =R50 -> I.A | K52: =X50 -> I.A | M52: ='18L'!M6 -> 무관 | Q52: ='18L'!H6 -> 무관 | S52: ='18L'!M11 -> 무관 | W52: ='18L'!H11 -> 175~180
A53: =M53 -> 도전적 | G53: =S53 -> 내향인 | I53: =U53 -> 외향인 | K53: =W53 -> 챙겨줌 | M53: 도전적 | S53: 내향인 | U53: 외향인 | W53: 챙겨줌 | AA53: =AA32 -> 박찬우 | AM53: =AM32 -> 조시연
G54: =S54 -> 여행 | I54: =U54 -> 체험 | K54: =W54 -> 맛집여행 | S54: 여행 | U54: 체험 | W54: 맛집여행
G55: =S55 -> 잔잔한 감정 | I55: =U55 -> 무심함에 | K55: =W55 -> 서운 | S55: 잔잔한 감정 | U55: 무심함에 | W55: 서운 | AA55: =AA34 -> 단팥빵 | AM55: =AM34 -> 에그타르트
A57: =M57 -> 극한직업 | E57: =Q57 -> 오사카 | G57: =S57 -> 위대한 쇼맨 | K57: =W57 -> 제주도 | M57: 극한직업 | Q57: 오사카 | S57: 위대한 쇼맨 | W57: 제주도 | AA57: =AA36 -> 최준혁 | AM57: =AM36 -> 박서영
A58: =M58 -> 편안함 | E58: =Q58 -> 온센 | G58: =S58 -> 연락 | K58: =W58 -> 제주도 고등어횟집 | M58: 편안함 | Q58: 온센 | S58: 연락 | W58: 제주도 고등어횟집
G59: =S59 -> 비흡연자 | I59: =U59 -> 표현러 | S59: 비흡연자 | U59: 표현러 | AA59: =AA38 -> 초콜릿 | AM59: =AM38 -> 마들렌
AA61: =AA40 -> 이재형 | AM61: =AM40 -> 이상희

Sheet 18E
B1: 성별 | C1: 이름 | D1: 나이 | E1: 키 | F1: 직업(직장과 파트) | G1: 선호나이 | H1: 선호 키 | I1: MBTI | J1: 선호 MBTI | K1: 비선호 직군 | L1: 종교 | M1: 상대 - 선호종교 | N1: 간단한 자기소개 | O1: 이상형 | P1: 건의사항
B2: 남 | C2: 이준석 | D2: 39 | E2: 172 | F2: 디자인로고스 인테리어 기사 | G2: 28~41 | H2: 160~175 | I2: ESFJ | J2: 무관 | K2: 무교 | L2: 무관 | M2: 병원직군 | N2: 일과 자기 관리에 최선을 다합니다. 감정기복이 없고 상대의 말들 잘 들어주며 이해 노력하는 스타일 | O2: 자기 관리하고 대화의 결 온도 중시하는분 | P2: 0
B3: 남 | C3: 윤한솔 | D3: 39 | E3: 165 | F3: 필라테스강사 | G3: 28~38 | H3: 무관 | I3: INFP | J3: 무관 | K3: 무교 | L3: 무관 | M3: 무관 | N3: 착하고바른사람 | O3: 밝으신분 | P3: 0
B4: 남 | C4: 박중호 | D4: 40 | E4: 175 | F4: 제뉴원사이언스 B2B Sales | G4: 31~41 | H4: 160~165, 165~170, 170~175 | I4: ENFJ | J4: 무관 | K4: 무교, 불교 | L4: 본인과 동일 | M4: 무관 | N4: 좋은사람 | O4: 첫인상, 대화, 배려 | P4: 0
B5: 남 | C5: 김동현 | D5: 40 | E5: 175 | F5: 포스코 인터내셔널, 경영기획실 | G5: 28~38 | H5: 160~170 | I5: ENTP | J5: 무관 | K5: 무교 | L5: 무관 | M5: 무관 | N5: 평범하면서도 개성있는 사람 | O5: 0 | P5: 0
B6: 남 | C6: 황성준 | D6: 39 | E6: 176 | F6: 회사원(IT보안) | G6: 31~38 | H6: 160~170 | I6: ISFJ | J6: 무관 | K6: 무교 | L6: 무관 | M6: 무관 | N6: 차분하지만 다양성이 많은 사람 | O6: 귀여운 사람/대화 코드가 맞는 사람 | P6: 0
B7: 여 | C7: 김주연 | D7: 39 | E7: 166 | F7: 홍대 방탈출카페 점장 ( 책임자 및 관리 ) | G7: 35~41 | H7: 175~ | I7: ISFJ | J7: INFJ, ISFJ, ENFJ | K7: 무교 | L7: 동일 | M7: 자영업, 무관 | N7: 나쁘지 않은 괜찮은 사람. 마음이 예쁜 사람. | O7: 1. 자기 앞가림은 할수있는사람 2. 가족,가정의 소중함을 아는사람 3. 인생의 순위에서 내가 0순위가 될수있는사람 4. 본인의 가족만큼 나의주변과 가족도 챙길줄 아는사람 5. 마주보고 밥먹을때 비위상하지 않는사람 (2세에게 미안하긴 싫어서) 6. 다정한 사람 7. 술 절제할줄 아는사람 (안마시면 더 좋고) 8. 빚 없는사람 ( 나도 없으니 ) 9. 자기관리 할줄 아는사람 10. 책임감이 있는사람 마지막으로 미래가 있는사람 (크게 정해놓은 틀이 아니더라도 성실하고 부지런하고 안정적인 환경을 가진사람) | P7: 좋은 자리에 좋은 짝을 만날수 있을때 매칭되었으면 좋겠습니다🩷
B8: 여 | C8: 심진희 | D8: 37 | E8: 163 | F8: 하이파킹 서비스지원팀 | G8: 35~41 | H8: 170~ | I8: ENFP | J8: 무관 | K8: 무교 | L8: 동일 | M8: 무관 | N8: 웃음이 많은 사람 | O8: 다부진데 다정한사람 | P8: 빵만드는것도 좋아하고 요리도 좋아하는 사람 만나고 싶습니다
B9: 여 | C9: 최안나 | D9: 37 | E9: 168 | F9: 인테리어디자이너 | G9: 31~41 | H9: 170~ | I9: isfj | J9: INFP, ISFP, INFJ, ISFJ, ENFP, ESFP, ENFJ, ESFJ | K9: 기독교 | L9: 동일, 무관 | M9: 무관 | N9: 쳇지피티에게 물어본 저의 성격 입니다 -나의 일에대한 자부심과 욕심이 있는 편 1. 기본 성향: 강한데 섬세함 • 겉으로는 단단하고 자기주장 있는 스타일 • 근데 속은 생각 많고, 감정 디테일하게 느끼는 편 👉 그래서 “쿨한데 예민한 사람” 느낌 같이 있음 2. 사람 대하는 방식: 선택적으로 열림 • 아무한테나 잘해주는 타입 아님 • 대신 한 번 마음 열면 진짜 잘해줌 👉 그래서 인간관계가 “깊거나 / 아니거나” 둘 중 하나 3. 자존감 구조 • 기본 자존감은 있는 편 (쉽게 무너지진 않음) • 근데 특정 상황(연애, 상대 반응)에서는 흔들림 있음 👉 “나는 괜찮은데 왜 이러지?” 이런 생각 자주 드는 타입 4. 감정 처리 방식 • 감정이 없는 게 아니라 👉 느끼지만 표현을 조절하는 스타일 • 그래서 겉으로는 덤덤해 보이는데 속에서는 계속 생각 돌림 5. 연애 성향 연결 • 가볍게 못 만남 • 확신 없으면 마음 아끼려고 함 👉 그래서 애매한 상황에서 더 스트레스 받는 타입 6. 중요한 포인트 하나 / 너는 👉 사람을 보는 눈이 있는 대신, 감정이 따라가면 그걸 무시 못하는 타입 그래서 • “이 사람 아닌 거 아는데 왜 신경 쓰이지?” 이런 상황이 생김 /한 줄로 정리하면 👉 겉은 강하고 선 긋는 사람 👉 속은 깊고 쉽게 정 주는 사람 👉 그래서 스스로도 헷갈릴 때 있는 타입 | O9: 말을 함부로 하지않고 다정한 사람. 가끔 웃긴사람 | P9: 0
B10: 여 | C10: 서예슬 | D10: 34 | E10: 164 | F10: 삼성서울병원, 외래간호5파트 | G10: 30~40 | H10: 170~180 | I10: ISFP | J10: 무관 | K10: 무교, 기독교 | L10: 동일, 무관 | M10: 무관 | N10: 무던하고 상냥한 사람이고 운동(특히 러닝), 요리, 산책,영화를 좋아해요!유순한성격 ,밝은미소! | O10: 긍정적이고 예의바른사람 | P10: 0
B11: 여 | C11: 최아름 | D11: 35 | E11: 163 | F11: 삼성서울병원 내시경실 | G11: 31~41 | H11: 170~ | I11: ISTP | J11: 무관 | K11: 기독교 | L11: 무관 | M11: 무관 | N11: 내성적이고 낮가림 있음 집순이 | O11: 날 적극적으로 이끌어 줄 사람 | P11: 0
B12: 성별 | C12: 성함 | D12: 자기소개 | M12: 이상형
B13: 남 | C13: =C2 -> 이준석 | D13: ='18E'!N2 -> 일과 자기 관리에 최선을 다합니다. 감정기복이 없고 상대의 말들 잘 들어주며 이해 노력하는 스타일 | M13: =O2 -> 자기 관리하고 대화의 결 온도 중시하는분
B14: 남 | C14: =C3 -> 윤한솔 | D14: ='18E'!N3 -> 착하고바른사람 | M14: =O3 -> 밝으신분
B15: 남 | C15: =C4 -> 박중호 | D15: ='18E'!N4 -> 좋은사람 | M15: =O4 -> 첫인상, 대화, 배려
B16: 남 | C16: =C5 -> 김동현 | D16: ='18E'!N5 -> 평범하면서도 개성있는 사람 | M16: =O5 -> 0
B17: 남 | C17: =C6 -> 황성준 | D17: ='18E'!N6 -> 차분하지만 다양성이 많은 사람 | M17: =O6 -> 귀여운 사람/대화 코드가 맞는 사람
B18: 여 | C18: =C7 -> 김주연 | D18: =N7 -> 나쁘지 않은 괜찮은 사람. 마음이 예쁜 사람. | M18: =O7 -> 1. 자기 앞가림은 할수있는사람 2. 가족,가정의 소중함을 아는사람 3. 인생의 순위에서 내가 0순위가 될수있는사람 4. 본인의 가족만큼 나의주변과 가족도 챙길줄 아는사람 5. 마주보고 밥먹을때 비위상하지 않는사람 (2세에게 미안하긴 싫어서) 6. 다정한 사람 7. 술 절제할줄 아는사람 (안마시면 더 좋고) 8. 빚 없는사람 ( 나도 없으니 ) 9. 자기관리 할줄 아는사람 10. 책임감이 있는사람 마지막으로 미래가 있는사람 (크게 정해놓은 틀이 아니더라도 성실하고 부지런하고 안정적인 환경을 가진사람)
B19: 여 | C19: =C8 -> 심진희 | D19: ='18E'!N8 -> 웃음이 많은 사람 | M19: =O8 -> 다부진데 다정한사람
B20: 여 | C20: =C9 -> 최안나 | D20: ='18E'!N9 -> 쳇지피티에게 물어본 저의 성격 입니다 -나의 일에대한 자부심과 욕심이 있는 편 1. 기본 성향: 강한데 섬세함 • 겉으로는 단단하고 자기주장 있는 스타일 • 근데 속은 생각 많고, 감정 디테일하게 느끼는 편 👉 그래서 “쿨한데 예민한 사람” 느낌 같이 있음 2. 사람 대하는 방식: 선택적으로 열림 • 아무한테나 잘해주는 타입 아님 • 대신 한 번 마음 열면 진짜 잘해줌 👉 그래서 인간관계가 “깊거나 / 아니거나” 둘 중 하나 3. 자존감 구조 • 기본 자존감은 있는 편 (쉽게 무너지진 않음) • 근데 특정 상황(연애, 상대 반응)에서는 흔들림 있음 👉 “나는 괜찮은데 왜 이러지?” 이런 생각 자주 드는 타입 4. 감정 처리 방식 • 감정이 없는 게 아니라 👉 느끼지만 표현을 조절하는 스타일 • 그래서 겉으로는 덤덤해 보이는데 속에서는 계속 생각 돌림 5. 연애 성향 연결 • 가볍게 못 만남 • 확신 없으면 마음 아끼려고 함 👉 그래서 애매한 상황에서 더 스트레스 받는 타입 6. 중요한 포인트 하나 / 너는 👉 사람을 보는 눈이 있는 대신, 감정이 따라가면 그걸 무시 못하는 타입 그래서 • “이 사람 아닌 거 아는데 왜 신경 쓰이지?” 이런 상황이 생김 /한 줄로 정리하면 👉 겉은 강하고 선 긋는 사람 👉 속은 깊고 쉽게 정 주는 사람 👉 그래서 스스로도 헷갈릴 때 있는 타입 | M20: =O9 -> 말을 함부로 하지않고 다정한 사람. 가끔 웃긴사람
B21: 여 | C21: =C10 -> 서예슬 | D21: ='18E'!N10 -> 무던하고 상냥한 사람이고 운동(특히 러닝), 요리, 산책,영화를 좋아해요!유순한성격 ,밝은미소! | M21: =O10 -> 긍정적이고 예의바른사람
B22: 여 | C22: =C11 -> 최아름 | D22: ='18E'!N11 -> 내성적이고 낮가림 있음 집순이 | M22: =O11 -> 날 적극적으로 이끌어 줄 사람

Sheet 18E 키워드
A1: =Q1 -> 초콜릿 | E1: =O1 -> ESFJ | G1: =W1 -> 티라미수 | K1: =U1 -> ISFJ | M1: ='18E'!C2 -> 이준석 | O1: ='18E'!I2 -> ESFJ | Q1: 초콜릿 | S1: ='18E'!C7 -> 김주연 | U1: ='18E'!I7 -> ISFJ | W1: 티라미수 | AA1: =Q1 -> 초콜릿 | AM1: =W1 -> 티라미수
E2: =M2 -> 39 | K2: =S2 -> 39 | M2: ='18E'!D2 -> 39 | N2: ='18E'!E2 -> 172 | O2: ='18E'!K2 -> 무교 | P2: ='18E'!L2 -> 무관 | R2: I.A | S2: ='18E'!D7 -> 39 | T2: ='18E'!E7 -> 166 | U2: ='18E'!K7 -> 무교 | V2: ='18E'!L7 -> 동일 | X2: Ju | AS2: 오렌지쥬스
E3: =O2 -> 무교 | K3: =U2 -> 무교 | M3: ='18E'!F2 -> 디자인로고스 인테리어 기사 | Q3: ='18E'!G2 -> 28~41 | S3: ='18E'!F7 -> 홍대 방탈출카페 점장 ( 책임자 및 관리 ) | W3: ='18E'!G7 -> 35~41 | AA3: =M1 -> 이준석 | AM3: =S1 -> 김주연 | AS3: deff.I.A
E4: =R2 -> I.A | K4: =X2 -> Ju | M4: ='18E'!M2 -> 병원직군 | Q4: ='18E'!H2 -> 160~175 | S4: ='18E'!M7 -> 자영업, 무관 | W4: ='18E'!H7 -> 175~ | Y4: =R2 -> I.A | AS4: H.A
A5: =M5 -> 자기관리 | C5: =O5 -> 프로다운 | E5: =Q5 -> No 감정기복 | G5: =S5 -> Not bad | I5: =U5 -> NICE | M5: 자기관리 | O5: 프로다운 | Q5: No 감정기복 | S5: Not bad | U5: NICE | Y5: =R14 -> Ju | AA5: =Q13 -> 크루아상 | AM5: =W13 -> 푸딩 | AS5: H.A
A6: =M6 -> 경청 | C6: =O6 -> 이해 | E6: =Q6 -> 노력 | G6: =S6 -> 마음이 예쁜 | M6: 경청 | O6: 이해 | Q6: 노력 | S6: 마음이 예쁜 | Y6: =R26 -> I.A | AS6: H.T
Y7: =R38 -> H.T | AA7: =M13 -> 윤한솔 | AM7: =S13 -> 심진희 | AS7: I.T
Y8: =R50 -> I.T | AS8: I.T | AT8: I.A | AU8: 15
A9: =M9 -> 어바웃 타임 | E9: =Q9 -> 대만 | G9: =S9 -> 코요테어글리 | K9: =W9 -> 제주도 | M9: 어바웃 타임 | Q9: 대만 | S9: 코요테어글리 | W9: 제주도 | Y9: =X2 -> Ju | AA9: =Q25 -> 단팥빵 | AM9: =W25 -> 마들렌 | AS9: Ju | AT9: Deff.I.A | AU9: 1
A10: =M10 -> 대화의 결 | G10: =S10 -> 의리 | I10: =U10 -> 밥상머리 | K10: =W10 -> 도나토스 | M10: 대화의 결 | S10: 의리 | U10: 밥상머리 | W10: 도나토스 | Y10: =X14 -> Ju | AS10: Ju | AT10: H.A | AU10: 2
A11: =M11 -> 자기관리 | C11: =O11 -> 대화의 결 | E11: =Q11 -> 온도 | G11: =S11 -> 자기앞가림 | I11: =U11 -> 가족의 소중함 | K11: =W11 -> 내가 0순위 | M11: 자기관리 | O11: 대화의 결 | Q11: 온도 | S11: 자기앞가림 | U11: 가족의 소중함 | W11: 내가 0순위 | Y11: =X26 -> Tea | AA11: =M25 -> 박중호 | AM11: =S25 -> 최안나 | AS11: Ju | AT11: H.T | AU11: 1
G12: =S12 -> 다정한 | I12: =U12 -> 책임감 | S12: 다정한 | U12: 책임감 | Y12: =X38 -> I.T | AS12: Ju | AT12: I.T | AU12: 5
A13: =Q13 -> 크루아상 | E13: =O13 -> INFP | G13: =W13 -> 푸딩 | K13: =U13 -> ENFP | M13: ='18E'!C3 -> 윤한솔 | O13: ='18E'!I3 -> INFP | Q13: 크루아상 | S13: ='18E'!C8 -> 심진희 | U13: ='18E'!I8 -> ENFP | W13: 푸딩 | Y13: =X50 -> H.A | AA13: =Q37 -> 스콘 | AM13: =W37 -> 에그타르트 | AS13: Ju | AT13: Ju | AU13: 5
E14: =M14 -> 39 | K14: =S14 -> 37 | M14: ='18E'!D3 -> 39 | N14: ='18E'!E3 -> 165 | O14: ='18E'!K3 -> 무교 | P14: ='18E'!L3 -> 무관 | R14: Ju | S14: ='18E'!D8 -> 37 | T14: ='18E'!E8 -> 163 | U14: ='18E'!K8 -> 무교 | V14: ='18E'!L8 -> 동일 | X14: Ju | AS14: Tea | AT14: W | AU14: 1
E15: =O14 -> 무교 | K15: =U14 -> 무교 | M15: ='18E'!F3 -> 필라테스강사 | Q15: ='18E'!G3 -> 28~38 | S15: ='18E'!F8 -> 하이파킹 서비스지원팀 | W15: ='18E'!G8 -> 35~41 | Y15: 따뜻한 | AA15: =M37 -> 김동현 | AM15: =S37 -> 서예슬 | AS15: Tea
E16: =R14 -> Ju | K16: =X14 -> Ju | M16: ='18E'!M3 -> 무관 | Q16: ='18E'!H3 -> 무관 | S16: ='18E'!M8 -> 무관 | W16: ='18E'!H8 -> 170~ | Y16: 캐모마일 | AS16: Tea
A17: =M17 -> 착함 | C17: =O17 -> 바른 | G17: =S17 -> 웃음이 많은 | M17: 착함 | O17: 바른 | S17: 웃음이 많은 | Y17: 혹은 | AA17: =Q49 -> 소금빵 | AM17: =W49 -> 피낭시에 | AS17: W
Y18: 페퍼민트
Y19: 오렌지쥬스 | AA19: =M49 -> 황성준 | AM19: =S49 -> 최아름
